combinations,X1,X2,X3,X4,X5,X1X2,X1X3,X1X4,X1X5,X2X3,X2X4,X2X5,X3X4,X3X5,X4X5,X1X2X3,X1X2X4,X1X2X5,X1X3X4,X1X3X5,X1X4X5 ,X2X3X4,X2X3X5,X2X4X5,X3X4X5,X1X2X3X4,X1X2X3X5,X1X2X4X5,X1X3X4X5,X2X3X4X5,X1X2X3X4X5,NET_12,NET_13,NET_14,NET_15,NET_23,NET_24,NET_25,NET_34,NET_35,NET_45,NET_123,NET_124,NET_125,NET_134,NET_135,NET_145 ,NET_234,NET_235,NET_245,NET_345,EM_123,EM_124,EM_125,EM_134,EM_135,EM_145 ,EM_234,EM_235,EM_245,EM_345,NET_1234,NET_1235,NET_1245,NET_1345,NET_2345,EM_1234,EM_1235,EM_1245,EM_1345,EM_2345,NET_12345,EM_12345
FOX1CPR1ERY1DOX1TMP1,1,1,1,1,1,1,0.79547,1,1,1,1,1,1,1,1,0.97065,1,1,0.91278,0.92623,1,1,1,1,1,0.95619,1,1,0.92633,1,1,NaN,-0.20453,NaN,NaN,NaN,NaN,NaN,NaN,NaN,NaN,-0.029349,0,0,-0.08722,-0.073773,0,0,0,0,0,1577911683638044,0,0,1056656839193264,1177781556495359,0,0,0,0,0,-0.043808,0,0,-0.073671,0,-0.12112,-0.092074,0,-0.11232,0,0,1.8071
FOX1CPR1ERY1DOX1TMP2,1,1,1,1,1,1,0.79547,1,1,1,1,1,1,1,1,0.97065,1,1,0.91278,0.96422,0.88796,1,1,0.922,1,0.95619,0.96087,0.85852,0.96945,1,0.72533,NaN,-0.20453,NaN,NaN,NaN,NaN,NaN,NaN,NaN,NaN,-0.029349,0,0,-0.08722,-0.035784,-0.11204,0,0,-0.077998,0,1577911683638044,0,0,1056656839193264,1519949314300832,-0.11204,0,0,-0.077998,0,-0.043808,-0.039127,-0.14148,-0.030549,0,-0.12112,-0.15668,0.62258,-3.6075e-05,175636112001764,-0.27467,-0.19305
FOX1CPR1ERY1DOX1TMP3,1,1,1,1,1,1,0.79547,1,1,1,1,1,1,1,0.83827,0.97065,1,0.92731,0.91278,0.90156,0.7909,1,1,0.97495,0.90932,0.95619,0.69755,0.75985,0.93475,1,0.66139,NaN,-0.20453,NaN,NaN,NaN,NaN,NaN,NaN,NaN,-0.16173,-0.029349,0,-0.072688,-0.08722,-0.098443,-0.2091,0,0,-0.025053,-0.09068,1577911683638044,0,-0.072688,1056656839193264,955574563370448,-0.056514,0,0,615523909919562,319968800520901.5,-0.043808,-0.30245,-0.24015,-0.065248,0,-0.12112,-0.30527,-0.11117,0.084415,-0.043972,-0.33861,0.95775
FOX1CPR1ERY1DOX2TMP1,1,1,1,1,1,1,0.79547,1,1,1,1,1,1,1,0.82136,0.97065,1,1,0.9206,0.92623,0.9594,1,1,0.80839,0.89174,0.99271,1,0.7516,0.8498,1,0.63826,NaN,-0.20453,NaN,NaN,NaN,NaN,NaN,NaN,NaN,-0.17864,-0.029349,0,0,-0.079397,-0.073773,-0.040596,0,0,-0.19161,-0.10826,1577911683638044,0,0,1127118949296242,1177781556495359,1243408704720463,0,0,-0.015784,633946432733757,-0.0072875,0,-0.2484,-0.1502,0,-0.094064,-0.092074,-0.20587,-0.23968,1.7224,-0.36174,-0.095006
FOX1CPR1ERY1DOX2TMP2,1,1,1,1,1,1,0.79547,1,1,1,1,1,1,1,0.7841,0.97065,1,1,0.9206,0.96422,0.70245,1,1,0.72056,0.88062,0.99271,0.96087,0.86695,0.96401,0.8026,0.57014,NaN,-0.20453,NaN,NaN,NaN,NaN,NaN,NaN,NaN,-0.2159,-0.029349,0,0,-0.079397,-0.035784,-0.29755,0,0,-0.27944,-0.11938,1577911683638044,0,0,1127118949296242,1519949314300832,-0.10413,0,0,-0.08104,434666248849354,-0.0072875,-0.039127,-0.13305,-0.03599,-0.1974,-0.094064,-0.15668,3.5887,0.10212,-0.017717,-0.42986,-0.41987
FOX1CPR1ERY1DOX2TMP3,1,1,1,1,1,1,0.79547,1,1,1,1,1,1,1,0.702,0.97065,1,0.92731,0.9206,0.90156,0.74515,1,1,0.72819,0.77317,0.99271,0.69755,1,0.745,0.74538,0.6013,NaN,-0.20453,NaN,NaN,NaN,NaN,NaN,NaN,NaN,-0.298,-0.029349,0,-0.072688,-0.079397,-0.098443,-0.25485,0,0,-0.27181,-0.22683,1577911683638044,0,-0.072688,1127118949296242,955574563370448,Inf,0,0,Inf,Inf,-0.0072875,-0.30245,0,-0.255,-0.25462,-0.094064,-0.30527,90.2488,-0.17585,-0.067548,-0.3987,-0.080435
FOX1CPR1ERY1DOX3TMP1,1,1,1,1,1,1,0.79547,0.97203,1,1,1,1,1,1,0.64686,0.97065,1,1,0.91789,0.92623,0.61137,1,1,0.73549,0.7493,1,1,0.75306,0.61953,0.73863,0.73186,NaN,-0.20453,NaN,NaN,NaN,NaN,NaN,NaN,NaN,-0.35314,-0.029349,0,0,-0.08211,-0.073773,-0.38863,0,0,-0.26451,-0.2507,1577911683638044,Inf,0,5.3777,1177781556495359,-0.012169,0,0,798312677130113,922637712675655,0,0,-0.24694,-0.38047,-0.26137,-0.10797,-0.092074,0.21523,-0.28182,-0.11851,-0.26814,9.8072
FOX1CPR1ERY1DOX3TMP2,1,1,1,1,1,1,0.79547,0.97203,1,1,1,1,1,1,0.64296,0.97065,1,1,0.91789,0.96422,0.60733,1,1,0.66153,0.68391,1,0.96087,0.6628,0.62709,0.6492,0.653,NaN,-0.20453,NaN,NaN,NaN,NaN,NaN,NaN,NaN,-0.35704,-0.029349,0,0,-0.08211,-0.035784,-0.39267,0,0,-0.33847,-0.31609,1577911683638044,Inf,0,5.3777,1519949314300832,-0.012463,0,0,167322563016308,368873633419978,0,-0.039127,-0.3372,-0.37291,-0.3508,-0.10797,-0.15668,0.19191,-0.24981,-0.075852,-0.347,2.9418
FOX1CPR1ERY1DOX3TMP3,1,1,1,1,1,1,0.79547,0.97203,1,1,1,1,1,1,0.6976,0.97065,1,0.92731,0.91789,0.90156,0.63595,1,1,0.69449,0.68496,1,0.69755,0.62658,0.70013,0.69289,0.6422,NaN,-0.20453,NaN,NaN,NaN,NaN,NaN,NaN,NaN,-0.3024,-0.029349,0,-0.072688,-0.08211,-0.098443,-0.36405,0,0,-0.30551,-0.31504,1577911683638044,Inf,-0.072688,5.3777,955574563370448,-0.050309,0,0,-0.0044722,-0.01812,0,-0.30245,-0.37342,-0.29987,-0.30711,-0.10797,-0.30527,0.80406,-0.050161,3.5407,-0.3578,1.5778
FOX1CPR1ERY2DOX1TMP1,1,1,1,1,1,1,0.8859,1,1,1,1,1,1,1,1,0.92787,1,1,0.95453,0.92125,1,1,1,1,1,1,1,1,0.9871,1,0.86712,NaN,-0.1141,NaN,NaN,NaN,NaN,NaN,NaN,NaN,NaN,-0.072131,0,0,-0.045469,-0.078748,0,0,0,0,0,189009500654925.5,0,0,309087585456860,159210209642049,0,0,0,0,0,0,0,0,-0.012901,0,0.031648,0.47568,0,-0.002812,0,-0.13288,-0.18912
FOX1CPR1ERY2DOX1TMP2,1,1,1,1,1,1,0.8859,1,1,1,1,1,1,1,1,0.92787,1,1,0.95453,0.98464,0.88796,1,1,0.922,0.95495,1,1,0.85852,1,1,0.87022,NaN,-0.1141,NaN,NaN,NaN,NaN,NaN,NaN,NaN,NaN,-0.072131,0,0,-0.045469,-0.01536,-0.11204,0,0,-0.077998,-0.045051,189009500654925.5,0,0,309087585456860,444683350146416,-0.11204,0,0,-0.077998,-0.045051,0,0,-0.14148,0,0,0.031648,-0.025918,0.62258,10.1019,2.7313,-0.12978,-0.22397
FOX1CPR1ERY2DOX1TMP3,1,1,1,1,1,1,0.8859,1,1,1,1,1,1,1,0.83827,0.92787,1,0.92731,0.95453,0.96422,0.7909,1,1,0.97495,0.89743,1,0.93775,0.75985,0.99785,0.99736,0.84878,NaN,-0.1141,NaN,NaN,NaN,NaN,NaN,NaN,NaN,-0.16173,-0.072131,0,-0.072688,-0.045469,-0.035784,-0.2091,0,0,-0.025053,-0.10257,189009500654925.5,0,-0.072688,309087585456860,352702205155770,-0.056514,0,0,615523909919562,266396524337851.5,0,-0.062246,-0.24015,-0.002147,-0.0026446,0.031648,0.089442,-0.11117,0.60798,-0.035532,-0.15122,-0.11346
FOX1CPR1ERY2DOX2TMP1,1,1,1,1,1,1,0.8859,1,1,1,1,1,1,1,0.82136,0.92787,1,1,0.97631,0.92125,0.9594,1,1,0.80839,0.9722,1,1,0.7516,0.98726,1,0.72036,NaN,-0.1141,NaN,NaN,NaN,NaN,NaN,NaN,NaN,-0.17864,-0.072131,0,0,-0.023687,-0.078748,-0.040596,0,0,-0.19161,-0.027803,189009500654925.5,0,0,407184615138595,159210209642049,1243408704720463,0,0,-0.015784,1358635992537875,0,0,-0.2484,-0.012736,0,-0.017953,0.47568,-0.20587,-0.13572,0.27027,-0.27964,-0.17642
FOX1CPR1ERY2DOX2TMP2,1,1,1,1,1,1,0.8859,1,1,1,1,1,1,1,0.7841,0.92787,1,1,0.97631,0.98464,0.70245,1,1,0.72056,0.84165,1,1,0.86695,0.74557,0.81078,0.61525,NaN,-0.1141,NaN,NaN,NaN,NaN,NaN,NaN,NaN,-0.2159,-0.072131,0,0,-0.023687,-0.01536,-0.29755,0,0,-0.27944,-0.15835,189009500654925.5,0,0,407184615138595,444683350146416,-0.10413,0,0,-0.08104,259202717487472,0,0,-0.13305,-0.25443,-0.18922,-0.017953,-0.025918,3.5887,-0.13275,0.56754,-0.38475,-0.34408
FOX1CPR1ERY2DOX2TMP3,1,1,1,1,1,1,0.8859,1,1,1,1,1,1,1,0.702,0.92787,1,0.92731,0.97631,0.96422,0.74515,1,1,0.72819,0.85023,1,0.93775,1,0.63348,0.84142,0.63542,NaN,-0.1141,NaN,NaN,NaN,NaN,NaN,NaN,NaN,-0.298,-0.072131,0,-0.072688,-0.023687,-0.035784,-0.25485,0,0,-0.27181,-0.14977,189009500654925.5,0,-0.072688,407184615138595,352702205155770,Inf,0,0,Inf,Inf,0,-0.062246,0,-0.36652,-0.15858,-0.017953,0.089442,90.2488,-0.35492,-0.039945,-0.36458,-0.26606
FOX1CPR1ERY2DOX3TMP1,1,1,1,1,1,1,0.8859,0.97203,1,1,1,1,1,1,0.64686,0.92787,1,1,0.99799,0.92125,0.61137,1,1,0.73549,0.70969,1,1,0.75306,0.58918,0.70629,0.78899,NaN,-0.1141,NaN,NaN,NaN,NaN,NaN,NaN,NaN,-0.35314,-0.072131,0,0,-0.002006,-0.078748,-0.38863,0,0,-0.26451,-0.29031,189009500654925.5,Inf,0,5.0084,159210209642049,-0.012169,0,0,798312677130113,565879452204766,0,0,-0.24694,-0.41082,-0.29371,-0.063607,0.47568,0.21523,-0.24055,-0.11528,-0.21101,3.1796
FOX1CPR1ERY2DOX3TMP2,1,1,1,1,1,1,0.8859,0.97203,1,1,1,1,1,1,0.64296,0.92787,1,1,0.99799,0.98464,0.60733,1,1,0.66153,0.72432,1,1,0.6628,0.55929,0.64239,0.66344,NaN,-0.1141,NaN,NaN,NaN,NaN,NaN,NaN,NaN,-0.35704,-0.072131,0,0,-0.002006,-0.01536,-0.39267,0,0,-0.33847,-0.27568,189009500654925.5,Inf,0,5.0084,444683350146416,-0.012463,0,0,167322563016308,732882246136730,0,0,-0.3372,-0.44071,-0.35761,-0.063607,-0.025918,0.19191,-0.3452,-0.13529,-0.33656,1.9081
FOX1CPR1ERY2DOX3TMP3,1,1,1,1,1,1,0.8859,0.97203,1,1,1,1,1,1,0.6976,0.92787,1,0.92731,0.99799,0.96422,0.63595,1,1,0.69449,0.76145,1,0.93775,0.62658,0.63435,0.83614,0.70883,NaN,-0.1141,NaN,NaN,NaN,NaN,NaN,NaN,NaN,-0.3024,-0.072131,0,-0.072688,-0.002006,-0.035784,-0.36405,0,0,-0.30551,-0.23855,189009500654925.5,Inf,-0.072688,5.0084,352702205155770,-0.050309,0,0,-0.0044722,575041046564089,0,-0.062246,-0.37342,-0.36565,-0.16386,-0.063607,0.089442,0.80406,-0.24353,1.2188,-0.29117,0.74899
FOX1CPR1ERY3DOX1TMP1,1,1,1,1,1,1,1,1,1,1,1,1,1,0.98849,1,1,1,1,1,1,1,1,1,1,0.95222,1,1,1,0.9467,1,0.77131,NaN,NaN,NaN,NaN,NaN,NaN,NaN,NaN,NaN,NaN,0,0,0,0,0,0,0,0,0,-0.047778,0,0,0,0,Inf,0,0,Inf,0,-0.03669,0,0,0,-0.053304,0,0,-0.011379,0,-0.017678,3.1508,-0.22869,-0.21532
FOX1CPR1ERY3DOX1TMP2,1,1,1,1,1,1,1,1,1,1,1,1,1,0.96125,1,1,1,1,1,0.99582,0.88796,1,1,0.922,0.89403,1,1,0.85852,1,0.93587,0.79563,NaN,NaN,NaN,NaN,NaN,NaN,NaN,NaN,NaN,NaN,0,0,0,0,-0.0041835,-0.11204,0,0,-0.077998,-0.10597,0,0,0,0,Inf,-0.11204,0,Inf,-0.077998,-0.069928,0,0,-0.14148,0,-0.064125,0,-0.033409,0.62258,2.5692,2.066,-0.20437,-0.24644
FOX1CPR1ERY3DOX1TMP3,1,1,1,1,1,1,1,1,1,1,1,1,1,0.91259,0.83827,1,1,0.92731,1,1,0.7909,1,1,0.97495,0.96938,1,0.93711,0.75985,0.81196,0.90234,0.71313,NaN,NaN,NaN,NaN,NaN,NaN,NaN,NaN,NaN,-0.16173,0,0,-0.072688,0,0,-0.2091,0,0,-0.025053,-0.030623,0,0,-0.072688,0,787315788460720,-0.056514,0,787315788460720,615523909919562,2.4999,0,-0.062888,-0.24015,-0.18804,-0.097659,0,-0.076484,-0.11117,-0.19561,-0.24393,-0.28687,0.82051
FOX1CPR1ERY3DOX2TMP1,1,1,1,1,1,1,1,1,1,1,1,1,1,0.98849,0.82136,1,1,1,1,1,0.9594,1,1,0.80839,0.88707,1,1,0.7516,0.79058,0.87737,0.75169,NaN,NaN,NaN,NaN,NaN,NaN,NaN,NaN,NaN,-0.17864,0,0,0,0,0,-0.040596,0,0,-0.19161,-0.11293,0,0,0,0,Inf,1243408704720463,0,Inf,-0.015784,6.7087,0,0,-0.2484,-0.20942,-0.12263,0,-0.011379,-0.20587,-0.23735,-0.0093036,-0.24831,1.0005
FOX1CPR1ERY3DOX2TMP2,1,1,1,1,1,1,1,1,1,1,1,1,1,0.96125,0.7841,1,1,1,1,0.99582,0.70245,1,1,0.72056,0.89008,1,1,0.86695,0.78585,0.81768,0.71379,NaN,NaN,NaN,NaN,NaN,NaN,NaN,NaN,NaN,-0.2159,0,0,0,0,-0.0041835,-0.29755,0,0,-0.27944,-0.10992,0,0,0,0,Inf,-0.10413,0,Inf,-0.08104,3.7352,0,0,-0.13305,-0.21415,-0.18232,0,-0.033409,3.5887,-0.06779,-0.055016,-0.28621,-0.21295
FOX1CPR1ERY3DOX2TMP3,1,1,1,1,1,1,1,1,1,1,1,1,1,0.91259,0.702,1,1,0.92731,1,1,0.74515,1,1,0.72819,0.76062,1,0.93711,1,0.63621,0.68219,0.72523,NaN,NaN,NaN,NaN,NaN,NaN,NaN,NaN,NaN,-0.298,0,0,-0.072688,0,0,-0.25485,0,0,-0.27181,-0.23938,0,0,-0.072688,0,787315788460720,Inf,0,787315788460720,Inf,1.6707,0,-0.062888,0,-0.36379,-0.31781,0,-0.076484,90.2488,-0.2861,-0.21967,-0.27477,0.22589
FOX1CPR1ERY3DOX3TMP1,1,1,1,1,1,1,1,0.97203,1,1,1,1,1,0.98849,0.64686,1,1,1,1,1,0.61137,1,1,0.73549,0.81838,1,1,0.75306,0.64944,0.66142,0.67982,NaN,NaN,NaN,NaN,NaN,NaN,NaN,NaN,NaN,-0.35314,0,0,0,0,0,-0.38863,0,0,-0.26451,-0.18162,0,Inf,0,Inf,Inf,-0.012169,0,Inf,798312677130113,15.9014,0,0,-0.24694,-0.35056,-0.33858,-0.027204,-0.011379,0.21523,-0.21059,-0.27992,-0.32018,1.646
FOX1CPR1ERY3DOX3TMP2,1,1,1,1,1,1,1,0.97203,1,1,1,1,1,0.96125,0.64296,1,1,1,1,0.99582,0.60733,1,1,0.66153,0.66599,1,1,0.6628,0.62786,0.65152,0.67426,NaN,NaN,NaN,NaN,NaN,NaN,NaN,NaN,NaN,-0.35704,0,0,0,0,-0.0041835,-0.39267,0,0,-0.33847,-0.33401,0,Inf,0,Inf,Inf,-0.012463,0,Inf,167322563016308,1.5944,0,0,-0.3372,-0.37214,-0.34848,-0.027204,-0.033409,0.19191,-0.095259,-0.099257,-0.32574,4.08
FOX1CPR1ERY3DOX3TMP3,1,1,1,1,1,1,1,0.97203,1,1,1,1,1,0.91259,0.6976,1,1,0.92731,1,1,0.63595,1,1,0.69449,0.72224,1,0.93711,0.62658,0.65907,0.70359,0.66648,NaN,NaN,NaN,NaN,NaN,NaN,NaN,NaN,NaN,-0.3024,0,0,-0.072688,0,0,-0.36405,0,0,-0.30551,-0.27776,0,Inf,-0.072688,Inf,787315788460720,-0.050309,0,787315788460720,-0.0044722,1.2818,0,-0.062888,-0.37342,-0.34093,-0.29641,-0.027204,-0.076484,0.80406,-0.15331,-0.12763,-0.33352,1.3879
FOX1CPR2ERY1DOX1TMP1,1,1,1,1,1,0.98464,0.79547,1,1,1,1,1,1,1,1,0.88863,1,1,0.91278,0.92623,1,1,1,0.93499,1,0.91877,1,1,0.92633,1,0.94097,NaN,-0.20453,NaN,NaN,NaN,NaN,NaN,NaN,NaN,NaN,-0.11137,0,0,-0.08722,-0.073773,0,0,0,-0.065005,0,7.0653,Inf,Inf,1056656839193264,1177781556495359,0,0,0,-0.065005,0,-0.081232,0,0,-0.073671,0,-0.1004,-0.033586,3.232,-0.11232,195171937103802.7,-0.059034,-0.035762
FOX1CPR2ERY1DOX1TMP2,1,1,1,1,1,0.98464,0.79547,1,1,1,1,1,1,1,1,0.88863,1,0.99988,0.91278,0.96422,0.88796,1,1,0.87641,1,0.91877,1,1,0.96945,1,0.9993,NaN,-0.20453,NaN,NaN,NaN,NaN,NaN,NaN,NaN,NaN,-0.11137,0,-0.00012441,-0.08722,-0.035784,-0.11204,0,0,-0.12359,0,7.0653,Inf,Inf,1056656839193264,1519949314300832,-0.11204,0,0,-0.12359,0,-0.081232,0,0,-0.030549,0,-0.1004,-0.067701,2.2767,-3.6075e-05,278304785972460,-0.00069937,-0.1413
FOX1CPR2ERY1DOX1TMP3,1,1,1,1,1,0.98464,0.79547,1,1,1,1,0.94242,1,1,0.83827,0.88863,1,0.93223,0.91278,0.90156,0.7909,1,1,1,0.90932,0.91877,0.97574,0.99377,0.93475,0.98006,0.7922,NaN,-0.20453,NaN,NaN,NaN,NaN,NaN,NaN,NaN,-0.16173,-0.11137,0,-0.067771,-0.08722,-0.098443,-0.2091,0,0,0,-0.09068,7.0653,Inf,0.33644,1056656839193264,955574563370448,-0.056514,0,518620843946560,3.8088,319968800520901.5,-0.081232,-0.024263,-0.0062341,-0.065248,-0.019939,-0.1004,-0.035517,0.19771,0.084415,-0.13163,-0.2078,-0.17326
FOX1CPR2ERY1DOX2TMP1,1,1,1,1,1,0.98464,0.79547,1,1,1,1,1,1,1,0.82136,0.88863,1,1,0.9206,0.92623,0.9594,1,1,0.8048,0.89174,0.96346,1,1,0.8498,1,0.97133,NaN,-0.20453,NaN,NaN,NaN,NaN,NaN,NaN,NaN,-0.17864,-0.11137,0,0,-0.079397,-0.073773,-0.040596,0,0,-0.1952,-0.10826,7.0653,Inf,Inf,1127118949296242,1177781556495359,1243408704720463,0,0,-0.020156,633946432733757,-0.036543,0,0,-0.1502,0,-0.063813,-0.033586,0.25006,-0.23968,1.7734,-0.02867,-0.034681
FOX1CPR2ERY1DOX2TMP2,1,1,1,1,1,0.98464,0.79547,1,1,1,1,1,1,1,0.7841,0.88863,1,0.99988,0.9206,0.96422,0.70245,1,1,0.86829,0.88062,0.96346,1,1,0.96401,0.93633,1,NaN,-0.20453,NaN,NaN,NaN,NaN,NaN,NaN,NaN,-0.2159,-0.11137,0,-0.00012441,-0.079397,-0.035784,-0.29755,0,0,-0.13171,-0.11938,7.0653,Inf,Inf,1127118949296242,1519949314300832,-0.10413,0,0,379160897552208,434666248849354,-0.036543,0,0,-0.03599,-0.063669,-0.063813,-0.067701,1.896,0.10212,-0.029513,0,-0.13881
FOX1CPR2ERY1DOX2TMP3,1,1,1,1,1,0.98464,0.79547,1,1,1,1,0.94242,1,1,0.702,0.88863,1,0.93223,0.9206,0.90156,0.74515,1,1,0.76479,0.77317,0.96346,0.97574,1,0.745,0.96365,0.86927,NaN,-0.20453,NaN,NaN,NaN,NaN,NaN,NaN,NaN,-0.298,-0.11137,0,-0.067771,-0.079397,-0.098443,-0.25485,0,0,-0.23521,-0.22683,7.0653,Inf,0.33644,1127118949296242,955574563370448,Inf,0,518620843946560,2.0906,Inf,-0.036543,-0.024263,0,-0.255,-0.036355,-0.063813,-0.035517,1.4415,-0.17585,0.36594,-0.13073,-0.19585
FOX1CPR2ERY1DOX3TMP1,1,1,1,1,1,0.98464,0.79547,0.97203,1,1,1,1,1,1,0.64686,0.88863,1,1,0.91789,0.92623,0.61137,1,1,0.79404,0.7493,0.96459,1,0.72587,0.61953,0.86509,0.96658,NaN,-0.20453,NaN,NaN,NaN,NaN,NaN,NaN,NaN,-0.35314,-0.11137,0,0,-0.08211,-0.073773,-0.38863,0,0,-0.20596,-0.2507,7.0653,2.8206,Inf,5.3777,1177781556495359,-0.012169,0,0,1325671294285146,922637712675655,-0.035406,0,-0.27413,-0.38047,-0.13491,-0.085156,-0.033586,-0.10086,-0.28182,-0.035007,-0.033423,3.428
FOX1CPR2ERY1DOX3TMP2,1,1,1,1,1,0.98464,0.79547,0.97203,1,1,1,1,1,1,0.64296,0.88863,1,0.99988,0.91789,0.96422,0.60733,1,1,0.7395,0.68391,0.96459,1,0.61124,0.62709,0.83414,0.67465,NaN,-0.20453,NaN,NaN,NaN,NaN,NaN,NaN,NaN,-0.35704,-0.11137,0,-0.00012441,-0.08211,-0.035784,-0.39267,0,0,-0.2605,-0.31609,7.0653,2.8206,Inf,5.3777,1519949314300832,-0.012463,0,0,869604361993811,368873633419978,-0.035406,0,-0.38876,-0.37291,-0.16586,-0.085156,-0.067701,-0.18778,-0.24981,0.39047,-0.32535,1.7089
FOX1CPR2ERY1DOX3TMP3,1,1,1,1,1,0.98464,0.79547,0.97203,1,1,1,0.94242,1,1,0.6976,0.88863,1,0.93223,0.91789,0.90156,0.63595,1,1,0.77927,0.68496,0.96459,0.97574,0.75331,0.70013,0.79903,0.75197,NaN,-0.20453,NaN,NaN,NaN,NaN,NaN,NaN,NaN,-0.3024,-0.11137,0,-0.067771,-0.08211,-0.098443,-0.36405,0,0,-0.22073,-0.31504,7.0653,2.8206,0.33644,5.3777,955574563370448,-0.050309,0,518620843946560,2.4184,-0.01812,-0.035406,-0.024263,-0.24669,-0.29987,-0.20097,-0.085156,-0.035517,-0.004889,-0.050161,-0.030548,-0.24803,-0.027325
FOX1CPR2ERY2DOX1TMP1,1,1,1,1,1,0.98464,0.8859,1,1,1,1,1,1,1,1,0.94375,1,1,0.95453,0.92125,1,1,1,0.93499,1,1,1,1,0.9871,0.75472,1,NaN,-0.1141,NaN,NaN,NaN,NaN,NaN,NaN,NaN,NaN,-0.056252,0,0,-0.045469,-0.078748,0,0,0,-0.065005,0,4.766,Inf,Inf,309087585456860,159210209642049,0,0,0,-0.065005,0,0,0,0,-0.012901,-0.24528,-0.026991,0.051033,3.232,-0.002812,-0.19281,0,1.2191
FOX1CPR2ERY2DOX1TMP2,1,1,1,1,1,0.98464,0.8859,1,1,1,1,1,1,1,1,0.94375,1,0.99988,0.95453,0.98464,0.88796,1,1,0.87641,0.95495,1,1,1,1,1,0.85754,NaN,-0.1141,NaN,NaN,NaN,NaN,NaN,NaN,NaN,NaN,-0.056252,0,-0.00012441,-0.045469,-0.01536,-0.11204,0,0,-0.12359,-0.045051,4.766,Inf,Inf,309087585456860,444683350146416,-0.11204,0,0,-0.12359,-0.045051,0,0,0,0,0,-0.026991,-0.054573,2.2767,10.1019,3.7434,-0.14246,-0.33173
FOX1CPR2ERY2DOX1TMP3,1,1,1,1,1,0.98464,0.8859,1,1,1,1,0.94242,1,1,0.83827,0.94375,1,0.93223,0.95453,0.96422,0.7909,1,1,1,0.89743,1,1,0.99377,0.99785,0.86623,0.979,NaN,-0.1141,NaN,NaN,NaN,NaN,NaN,NaN,NaN,-0.16173,-0.056252,0,-0.067771,-0.045469,-0.035784,-0.2091,0,0,0,-0.10257,4.766,Inf,0.33644,309087585456860,352702205155770,-0.056514,0,518620843946560,3.8088,266396524337851.5,0,0,-0.0062341,-0.002147,-0.13377,-0.026991,-0.032696,0.19771,0.60798,-0.22432,-0.021001,-0.0053965
FOX1CPR2ERY2DOX2TMP1,1,1,1,1,1,0.98464,0.8859,1,1,1,1,1,1,1,0.82136,0.94375,1,1,0.97631,0.92125,0.9594,1,1,0.8048,0.9722,1,1,1,0.98726,1,1,NaN,-0.1141,NaN,NaN,NaN,NaN,NaN,NaN,NaN,-0.17864,-0.056252,0,0,-0.023687,-0.078748,-0.040596,0,0,-0.1952,-0.027803,4.766,Inf,Inf,407184615138595,159210209642049,1243408704720463,0,0,-0.020156,1358635992537875,0,0,0,-0.012736,0,-0.047185,0.051033,0.25006,-0.13572,0.29408,0,-0.080831
FOX1CPR2ERY2DOX2TMP2,1,1,1,1,1,0.98464,0.8859,1,1,1,1,1,1,1,0.7841,0.94375,1,0.99988,0.97631,0.98464,0.70245,1,1,0.86829,0.84165,1,1,1,0.74557,0.82473,0.99479,NaN,-0.1141,NaN,NaN,NaN,NaN,NaN,NaN,NaN,-0.2159,-0.056252,0,-0.00012441,-0.023687,-0.01536,-0.29755,0,0,-0.13171,-0.15835,4.766,Inf,Inf,407184615138595,444683350146416,-0.10413,0,0,379160897552208,259202717487472,0,0,0,-0.25443,-0.17527,-0.047185,-0.054573,1.896,-0.13275,-0.10921,-0.005207,0.60484
FOX1CPR2ERY2DOX2TMP3,1,1,1,1,1,0.98464,0.8859,1,1,1,1,0.94242,1,1,0.702,0.94375,1,0.93223,0.97631,0.96422,0.74515,1,1,0.76479,0.85023,1,1,1,0.63348,1,0.99223,NaN,-0.1141,NaN,NaN,NaN,NaN,NaN,NaN,NaN,-0.298,-0.056252,0,-0.067771,-0.023687,-0.035784,-0.25485,0,0,-0.23521,-0.14977,4.766,Inf,0.33644,407184615138595,352702205155770,Inf,0,518620843946560,2.0906,Inf,0,0,0,-0.36652,0,-0.047185,-0.032696,1.4415,-0.35492,0.10943,-0.0077721,0.20696
FOX1CPR2ERY2DOX3TMP1,1,1,1,1,1,0.98464,0.8859,0.97203,1,1,1,1,1,1,0.64686,0.94375,1,1,0.99799,0.92125,0.61137,1,1,0.79404,0.70969,0.99274,1,0.72587,0.58918,0.77566,0.72035,NaN,-0.1141,NaN,NaN,NaN,NaN,NaN,NaN,NaN,-0.35314,-0.056252,0,0,-0.002006,-0.078748,-0.38863,0,0,-0.20596,-0.29031,4.766,2.8206,Inf,5.0084,159210209642049,-0.012169,0,0,1325671294285146,565879452204766,-0.0072648,0,-0.27413,-0.41082,-0.22434,-0.09683,0.051033,-0.10086,-0.24055,-0.094774,-0.27965,7.7331
FOX1CPR2ERY2DOX3TMP2,1,1,1,1,1,0.98464,0.8859,0.97203,1,1,1,1,1,1,0.64296,0.94375,1,0.99988,0.99799,0.98464,0.60733,1,1,0.7395,0.72432,0.99274,1,0.61124,0.55929,0.7565,0.73469,NaN,-0.1141,NaN,NaN,NaN,NaN,NaN,NaN,NaN,-0.35704,-0.056252,0,-0.00012441,-0.002006,-0.01536,-0.39267,0,0,-0.2605,-0.27568,4.766,2.8206,Inf,5.0084,444683350146416,-0.012463,0,0,869604361993811,732882246136730,-0.0072648,0,-0.38876,-0.44071,-0.2435,-0.09683,-0.054573,-0.18778,-0.3452,-0.078419,-0.26531,1.9241
FOX1CPR2ERY2DOX3TMP3,1,1,1,1,1,0.98464,0.8859,0.97203,1,1,1,0.94242,1,1,0.6976,0.94375,1,0.93223,0.99799,0.96422,0.63595,1,1,0.77927,0.76145,0.99274,1,0.75331,0.63435,0.74841,0.69602,NaN,-0.1141,NaN,NaN,NaN,NaN,NaN,NaN,NaN,-0.3024,-0.056252,0,-0.067771,-0.002006,-0.035784,-0.36405,0,0,-0.22073,-0.23855,4.766,2.8206,0.33644,5.0084,352702205155770,-0.050309,0,518620843946560,2.4184,575041046564089,-0.0072648,0,-0.24669,-0.36565,-0.25159,-0.09683,-0.032696,-0.004889,-0.24353,-0.16907,-0.30398,2.1123
FOX1CPR2ERY3DOX1TMP1,1,1,1,1,1,0.98464,1,1,1,1,1,1,1,0.98849,1,1,1,1,1,1,1,1,1,0.93499,0.95222,1,1,1,0.9467,0.81885,1,NaN,NaN,NaN,NaN,NaN,NaN,NaN,NaN,NaN,NaN,0,0,0,0,0,0,0,0,-0.065005,-0.047778,Inf,Inf,Inf,0,Inf,0,0,Inf,-0.065005,-0.03669,0,0,0,-0.053304,-0.18115,-0.015128,-0.026335,3.232,-0.017678,-0.088879,0,4.4913
FOX1CPR2ERY3DOX1TMP2,1,1,1,1,1,0.98464,1,1,1,1,1,1,1,0.96125,1,1,1,0.99988,1,0.99582,0.88796,1,1,0.87641,0.89403,1,0.99436,1,1,1,1,NaN,NaN,NaN,NaN,NaN,NaN,NaN,NaN,NaN,NaN,0,0,-0.00012441,0,-0.0041835,-0.11204,0,0,-0.12359,-0.10597,Inf,Inf,Inf,0,Inf,-0.11204,0,Inf,-0.12359,-0.069928,0,-0.0056371,0,0,0,-0.015128,-0.053344,2.2767,2.5692,2.8387,0,-0.22276
FOX1CPR2ERY3DOX1TMP3,1,1,1,1,1,0.98464,1,1,1,1,1,0.94242,1,0.91259,0.83827,1,1,0.93223,1,1,0.7909,1,1,1,0.96938,1,1,0.99377,0.81196,0.85742,1,NaN,NaN,NaN,NaN,NaN,NaN,NaN,NaN,NaN,-0.16173,0,0,-0.067771,0,0,-0.2091,0,0,0,-0.030623,Inf,Inf,0.33644,0,787315788460720,-0.056514,0,2.5181,3.8088,2.4999,0,0,-0.0062341,-0.18804,-0.14258,-0.015128,-0.085856,0.19771,-0.19561,-0.32809,0,2.3986
FOX1CPR2ERY3DOX2TMP1,1,1,1,1,1,0.98464,1,1,1,1,1,1,1,0.98849,0.82136,1,1,1,1,1,0.9594,1,1,0.8048,0.88707,1,1,1,0.79058,1,0.99988,NaN,NaN,NaN,NaN,NaN,NaN,NaN,NaN,NaN,-0.17864,0,0,0,0,0,-0.040596,0,0,-0.1952,-0.11293,Inf,Inf,Inf,0,Inf,1243408704720463,0,Inf,-0.020156,6.7087,0,0,0,-0.20942,0,-0.015128,-0.026335,0.25006,-0.23735,1.5278,-0.00012441,0.50457
FOX1CPR2ERY3DOX2TMP2,1,1,1,1,1,0.98464,1,1,1,1,1,1,1,0.96125,0.7841,1,1,0.99988,1,0.99582,0.70245,1,1,0.86829,0.89008,1,0.99436,1,0.78585,0.82535,1,NaN,NaN,NaN,NaN,NaN,NaN,NaN,NaN,NaN,-0.2159,0,0,-0.00012441,0,-0.0041835,-0.29755,0,0,-0.13171,-0.10992,Inf,Inf,Inf,0,Inf,-0.10413,0,Inf,379160897552208,3.7352,0,-0.0056371,0,-0.21415,-0.17465,-0.015128,-0.053344,1.896,-0.06779,-0.18525,0,0.74561
FOX1CPR2ERY3DOX2TMP3,1,1,1,1,1,0.98464,1,1,1,1,1,0.94242,1,0.91259,0.702,1,1,0.93223,1,1,0.74515,1,1,0.76479,0.76062,1,1,1,0.63621,0.80852,0.87556,NaN,NaN,NaN,NaN,NaN,NaN,NaN,NaN,NaN,-0.298,0,0,-0.067771,0,0,-0.25485,0,0,-0.23521,-0.23938,Inf,Inf,0.33644,0,787315788460720,Inf,0,2.5181,2.0906,1.6707,0,0,0,-0.36379,-0.19148,-0.015128,-0.085856,1.4415,-0.2861,-0.1651,-0.12444,0.71924
FOX1CPR2ERY3DOX3TMP1,1,1,1,1,1,0.98464,1,0.97203,1,1,1,1,1,0.98849,0.64686,1,1,1,1,1,0.61137,1,1,0.79404,0.81838,1,1,0.72587,0.64944,0.7868,0.74909,NaN,NaN,NaN,NaN,NaN,NaN,NaN,NaN,NaN,-0.35314,0,0,0,0,0,-0.38863,0,0,-0.20596,-0.18162,Inf,2.8206,Inf,Inf,Inf,-0.012169,0,Inf,1325671294285146,15.9014,0,0,-0.27413,-0.35056,-0.2132,-0.041526,-0.026335,-0.10086,-0.21059,-0.19473,-0.25091,2.5289
FOX1CPR2ERY3DOX3TMP2,1,1,1,1,1,0.98464,1,0.97203,1,1,1,1,1,0.96125,0.64296,1,1,0.99988,1,0.99582,0.60733,1,1,0.7395,0.66599,1,0.99436,0.61124,0.62786,0.75062,0.68678,NaN,NaN,NaN,NaN,NaN,NaN,NaN,NaN,NaN,-0.35704,0,0,-0.00012441,0,-0.0041835,-0.39267,0,0,-0.2605,-0.33401,Inf,2.8206,Inf,Inf,Inf,-0.012463,0,Inf,869604361993811,1.5944,0,-0.0056371,-0.38876,-0.37214,-0.24938,-0.041526,-0.053344,-0.18778,-0.095259,-0.063224,-0.31322,1.9924
FOX1CPR2ERY3DOX3TMP3,1,1,1,1,1,0.98464,1,0.97203,1,1,1,0.94242,1,0.91259,0.6976,1,1,0.93223,1,1,0.63595,1,1,0.77927,0.72224,1,1,0.75331,0.65907,0.79749,0.75439,NaN,NaN,NaN,NaN,NaN,NaN,NaN,NaN,NaN,-0.3024,0,0,-0.067771,0,0,-0.36405,0,0,-0.22073,-0.27776,Inf,2.8206,0.33644,Inf,787315788460720,-0.050309,0,2.5181,2.4184,1.2818,0,0,-0.24669,-0.34093,-0.20251,-0.041526,-0.085856,-0.004889,-0.15331,-0.15956,-0.24561,52.3229
FOX1CPR3ERY1DOX1TMP1,1,1,1,1,1,0.95752,0.79547,1,1,1,1,1,1,1,1,0.94999,0.9993,1,0.91278,0.92623,1,1,1,1,1,0.96289,0.98223,1,0.92633,1,0.99536,NaN,-0.20453,NaN,NaN,NaN,NaN,NaN,NaN,NaN,NaN,-0.050012,-0.00069937,0,-0.08722,-0.073773,0,0,0,0,0,4.6378,Inf,Inf,1056656839193264,1177781556495359,0,0,0,0,0,-0.037107,-0.017774,0,-0.073671,0,-0.13181,-0.12553,-0.040101,-0.11232,0,-0.0046356,3.9143
FOX1CPR3ERY1DOX1TMP2,1,1,1,1,1,0.95752,0.79547,1,1,1,1,1,1,1,1,0.94999,0.9993,0.99668,0.91278,0.96422,0.88796,1,1,0.79408,1,0.96289,0.97683,1,0.96945,1,1,NaN,-0.20453,NaN,NaN,NaN,NaN,NaN,NaN,NaN,NaN,-0.050012,-0.00069937,-0.0033181,-0.08722,-0.035784,-0.11204,0,0,-0.20592,0,4.6378,Inf,Inf,1056656839193264,1519949314300832,-0.11204,0,0,-0.20592,0,-0.037107,-0.023172,0,-0.030549,0,-0.13181,-0.15637,3.7984,-3.6075e-05,463683890832484,0,-0.16616
FOX1CPR3ERY1DOX1TMP3,1,1,1,1,1,0.95752,0.79547,1,1,1,1,0.87513,1,1,0.83827,0.94999,0.9993,1,0.91278,0.90156,0.7909,1,1,1,0.90932,0.96289,1,1,0.93475,1,0.98858,NaN,-0.20453,NaN,NaN,NaN,NaN,-0.12487,NaN,NaN,-0.16173,-0.050012,-0.00069937,0,-0.08722,-0.098443,-0.2091,0,0,0,-0.09068,4.6378,Inf,3.9399,1056656839193264,955574563370448,-0.056514,0,1124767211904664,2.2951,319968800520901.5,-0.037107,0,0,-0.065248,0,-0.13181,-0.19934,-0.11202,0.084415,-0.16382,-0.011424,1.5694
FOX1CPR3ERY1DOX2TMP1,1,1,1,1,1,0.95752,0.79547,1,1,1,1,1,1,1,0.82136,0.94999,1,1,0.9206,0.92623,0.9594,1,1,0.98423,0.89174,0.95064,0.98223,0.80821,0.8498,1,0.98115,NaN,-0.20453,NaN,NaN,NaN,NaN,NaN,NaN,NaN,-0.17864,-0.050012,0,0,-0.079397,-0.073773,-0.040596,0,0,-0.015769,-0.10826,4.6378,Inf,Inf,1127118949296242,1177781556495359,1243408704720463,0,0,1467031571922143,633946432733757,-0.049355,-0.017774,-0.19179,-0.1502,0,-0.14939,-0.12553,-0.3106,-0.23968,-0.051785,-0.018846,2.7088
FOX1CPR3ERY1DOX2TMP2,1,1,1,1,1,0.95752,0.79547,1,1,1,1,1,1,1,0.7841,0.94999,1,0.99668,0.9206,0.96422,0.70245,1,1,1,0.88062,0.95064,0.97683,0.8144,0.96401,1,1,NaN,-0.20453,NaN,NaN,NaN,NaN,NaN,NaN,NaN,-0.2159,-0.050012,0,-0.0033181,-0.079397,-0.035784,-0.29755,0,0,0,-0.11938,4.6378,Inf,Inf,1127118949296242,1519949314300832,-0.10413,0,0,972327631976892,434666248849354,-0.049355,-0.023172,-0.1856,-0.03599,0,-0.14939,-0.15637,-0.15754,0.10212,-0.08802,0,2.3036
FOX1CPR3ERY1DOX2TMP3,1,1,1,1,1,0.95752,0.79547,1,1,1,1,0.87513,1,1,0.702,0.94999,1,1,0.9206,0.90156,0.74515,1,1,0.83093,0.77317,0.95064,1,0.89505,0.745,1,0.89678,NaN,-0.20453,NaN,NaN,NaN,NaN,-0.12487,NaN,NaN,-0.298,-0.050012,0,0,-0.079397,-0.098443,-0.25485,0,0,-0.16907,-0.22683,4.6378,Inf,3.9399,1127118949296242,955574563370448,Inf,0,1124767211904664,2.0325,Inf,-0.049355,0,-0.10495,-0.255,0,-0.14939,-0.19934,-0.15088,-0.17585,-0.026277,-0.10322,2.0283
FOX1CPR3ERY1DOX3TMP1,1,1,1,1,1,0.95752,0.79547,0.97203,1,1,1,1,1,1,0.64686,0.94999,1,1,0.91789,0.92623,0.61137,1,1,0.78566,0.7493,0.95654,0.98223,0.61803,0.61953,0.8152,0.7876,NaN,-0.20453,NaN,NaN,NaN,NaN,NaN,NaN,NaN,-0.35314,-0.050012,0,0,-0.08211,-0.073773,-0.38863,0,0,-0.21434,-0.2507,4.6378,2.5189,Inf,5.3777,1177781556495359,-0.012169,0,0,1250149865580937,922637712675655,-0.043463,-0.017774,-0.38197,-0.38047,-0.1848,-0.16303,-0.12553,-0.26038,-0.28182,-0.082076,-0.2124,2.4083
FOX1CPR3ERY1DOX3TMP2,1,1,1,1,1,0.95752,0.79547,0.97203,1,1,1,1,1,1,0.64296,0.94999,1,0.99668,0.91789,0.96422,0.60733,1,1,0.68995,0.68391,0.95654,0.97683,0.67589,0.62709,0.80972,0.67466,NaN,-0.20453,NaN,NaN,NaN,NaN,NaN,NaN,NaN,-0.35704,-0.050012,0,-0.0033181,-0.08211,-0.035784,-0.39267,0,0,-0.31005,-0.31609,4.6378,2.5189,Inf,5.3777,1519949314300832,-0.012463,0,0,423283202182429,368873633419978,-0.043463,-0.023172,-0.32411,-0.37291,-0.19028,-0.16303,-0.15637,-0.082425,-0.24981,0.89623,-0.32534,13.8892
FOX1CPR3ERY1DOX3TMP3,1,1,1,1,1,0.95752,0.79547,0.97203,1,1,1,0.87513,1,1,0.6976,0.94999,1,1,0.91789,0.90156,0.63595,1,1,0.74761,0.68496,0.95654,1,0.64287,0.70013,0.73075,0.90799,NaN,-0.20453,NaN,NaN,NaN,NaN,-0.12487,NaN,NaN,-0.3024,-0.050012,0,0,-0.08211,-0.098443,-0.36405,0,0,-0.25239,-0.31504,4.6378,2.5189,3.9399,5.3777,955574563370448,-0.050309,0,1124767211904664,1.4004,-0.01812,-0.043463,0,-0.35713,-0.29987,-0.26925,-0.16303,-0.19934,-0.28379,-0.050161,-0.15013,-0.092008,2.9409
FOX1CPR3ERY2DOX1TMP1,1,1,1,1,1,0.95752,0.8859,1,1,1,1,1,1,1,1,1,0.9993,1,0.95453,0.92125,1,1,1,1,1,1,0.9917,1,0.9871,1,1,NaN,-0.1141,NaN,NaN,NaN,NaN,NaN,NaN,NaN,NaN,0,-0.00069937,0,-0.045469,-0.078748,0,0,0,0,0,3.6862,Inf,Inf,309087585456860,159210209642049,0,0,0,0,0,0,-0.008299,0,-0.012901,0,-0.09943,-0.079908,-0.040101,-0.002812,0,0,0.86313
FOX1CPR3ERY2DOX1TMP2,1,1,1,1,1,0.95752,0.8859,1,1,1,1,1,1,1,1,1,0.9993,0.99668,0.95453,0.98464,0.88796,1,1,0.79408,0.95495,1,0.98188,1,1,1,1,NaN,-0.1141,NaN,NaN,NaN,NaN,NaN,NaN,NaN,NaN,0,-0.00069937,-0.0033181,-0.045469,-0.01536,-0.11204,0,0,-0.20592,-0.045051,3.6862,Inf,Inf,309087585456860,444683350146416,-0.11204,0,0,-0.20592,-0.045051,0,-0.018125,0,0,0,-0.09943,-0.13711,3.7984,10.1019,5.5708,0,-0.21787
FOX1CPR3ERY2DOX1TMP3,1,1,1,1,1,0.95752,0.8859,1,1,1,1,0.87513,1,1,0.83827,1,0.9993,1,0.95453,0.96422,0.7909,1,1,1,0.89743,1,0.99138,1,0.99785,0.9646,0.98962,NaN,-0.1141,NaN,NaN,NaN,NaN,-0.12487,NaN,NaN,-0.16173,0,-0.00069937,0,-0.045469,-0.035784,-0.2091,0,0,0,-0.10257,3.6862,Inf,3.9399,309087585456860,352702205155770,-0.056514,0,1124767211904664,2.2951,266396524337851.5,0,-0.0086219,0,-0.002147,-0.035396,-0.09943,-0.21314,-0.11202,0.60798,-0.18532,-0.010378,1.6687
FOX1CPR3ERY2DOX2TMP1,1,1,1,1,1,0.95752,0.8859,1,1,1,1,1,1,1,0.82136,1,1,1,0.97631,0.92125,0.9594,1,1,0.98423,0.9722,0.98115,0.9917,0.80821,0.98726,1,0.9993,NaN,-0.1141,NaN,NaN,NaN,NaN,NaN,NaN,NaN,-0.17864,0,0,0,-0.023687,-0.078748,-0.040596,0,0,-0.015769,-0.027803,3.6862,Inf,Inf,407184615138595,159210209642049,1243408704720463,0,0,1467031571922143,1358635992537875,-0.018846,-0.008299,-0.19179,-0.012736,0,-0.13394,-0.079908,-0.3106,-0.13572,-0.119,-0.00069937,2.6885
FOX1CPR3ERY2DOX2TMP2,1,1,1,1,1,0.95752,0.8859,1,1,1,1,1,1,1,0.7841,1,1,0.99668,0.97631,0.98464,0.70245,1,1,1,0.84165,0.98115,0.98188,0.8144,0.74557,1,1,NaN,-0.1141,NaN,NaN,NaN,NaN,NaN,NaN,NaN,-0.2159,0,0,-0.0033181,-0.023687,-0.01536,-0.29755,0,0,0,-0.15835,3.6862,Inf,Inf,407184615138595,444683350146416,-0.10413,0,0,972327631976892,259202717487472,-0.018846,-0.018125,-0.1856,-0.25443,0,-0.13394,-0.13711,-0.15754,-0.13275,-0.054422,0,3.8608
FOX1CPR3ERY2DOX2TMP3,1,1,1,1,1,0.95752,0.8859,1,1,1,1,0.87513,1,1,0.702,1,1,1,0.97631,0.96422,0.74515,1,1,0.83093,0.85023,0.98115,0.99138,0.89505,0.63348,1,0.69464,NaN,-0.1141,NaN,NaN,NaN,NaN,-0.12487,NaN,NaN,-0.298,0,0,0,-0.023687,-0.035784,-0.25485,0,0,-0.16907,-0.14977,3.6862,Inf,3.9399,407184615138595,352702205155770,Inf,0,1124767211904664,2.0325,Inf,-0.018846,-0.0086219,-0.10495,-0.36652,0,-0.13394,-0.21314,-0.15088,-0.35492,-0.094239,-0.30536,1.4537
FOX1CPR3ERY2DOX3TMP1,1,1,1,1,1,0.95752,0.8859,0.97203,1,1,1,1,1,1,0.64686,1,1,1,0.99799,0.92125,0.61137,1,1,0.78566,0.70969,1,0.9917,0.61803,0.58918,0.74495,0.80079,NaN,-0.1141,NaN,NaN,NaN,NaN,NaN,NaN,NaN,-0.35314,0,0,0,-0.002006,-0.078748,-0.38863,0,0,-0.21434,-0.29031,3.6862,2.5189,Inf,5.0084,159210209642049,-0.012169,0,0,1250149865580937,565879452204766,0,-0.008299,-0.38197,-0.41082,-0.25505,-0.15436,-0.079908,-0.26038,-0.24055,-0.12202,-0.19921,1.8541
FOX1CPR3ERY2DOX3TMP2,1,1,1,1,1,0.95752,0.8859,0.97203,1,1,1,1,1,1,0.64296,1,1,0.99668,0.99799,0.98464,0.60733,1,1,0.68995,0.72432,1,0.98188,0.67589,0.55929,0.74879,0.6831,NaN,-0.1141,NaN,NaN,NaN,NaN,NaN,NaN,NaN,-0.35704,0,0,-0.0033181,-0.002006,-0.01536,-0.39267,0,0,-0.31005,-0.27568,3.6862,2.5189,Inf,5.0084,444683350146416,-0.012463,0,0,423283202182429,732882246136730,0,-0.018125,-0.32411,-0.44071,-0.25121,-0.15436,-0.13711,-0.082425,-0.3452,-0.029208,-0.3169,1.617
FOX1CPR3ERY2DOX3TMP3,1,1,1,1,1,0.95752,0.8859,0.97203,1,1,1,0.87513,1,1,0.6976,1,1,1,0.99799,0.96422,0.63595,1,1,0.74761,0.76145,1,0.99138,0.64287,0.63435,0.76541,0.68848,NaN,-0.1141,NaN,NaN,NaN,NaN,-0.12487,NaN,NaN,-0.3024,0,0,0,-0.002006,-0.035784,-0.36405,0,0,-0.25239,-0.23855,3.6862,2.5189,3.9399,5.0084,352702205155770,-0.050309,0,1124767211904664,1.4004,575041046564089,0,-0.0086219,-0.35713,-0.36565,-0.23459,-0.15436,-0.21314,-0.28379,-0.24353,-0.18254,-0.31152,1.1789
FOX1CPR3ERY3DOX1TMP1,1,1,1,1,1,0.95752,1,1,1,1,1,1,1,0.98849,1,0.98188,0.9993,1,1,1,1,1,1,1,0.95222,1,0.99785,1,0.9467,1,1,NaN,NaN,NaN,NaN,NaN,NaN,NaN,NaN,NaN,NaN,-0.018125,-0.00069937,0,0,0,0,0,0,0,-0.047778,Inf,Inf,Inf,0,Inf,0,0,Inf,0,-0.03669,0,-0.002147,0,-0.053304,0,-0.023105,-0.037147,-0.040101,-0.017678,3.1508,0,0.89939
FOX1CPR3ERY3DOX1TMP2,1,1,1,1,1,0.95752,1,1,1,1,1,1,1,0.96125,1,0.98188,0.9993,0.99668,1,0.99582,0.88796,1,1,0.79408,0.89403,1,1,1,1,1,1,NaN,NaN,NaN,NaN,NaN,NaN,NaN,NaN,NaN,NaN,-0.018125,-0.00069937,-0.0033181,0,-0.0041835,-0.11204,0,0,-0.20592,-0.10597,Inf,Inf,Inf,0,Inf,-0.11204,0,Inf,-0.20592,-0.069928,0,0,0,0,0,-0.023105,-0.054143,3.7984,2.5692,4.0634,0,-0.27021
FOX1CPR3ERY3DOX1TMP3,1,1,1,1,1,0.95752,1,1,1,1,1,0.87513,1,0.91259,0.83827,0.98188,0.9993,1,1,1,0.7909,1,1,1,0.96938,1,1,1,0.81196,0.86532,1,NaN,NaN,NaN,NaN,NaN,NaN,-0.12487,NaN,NaN,-0.16173,-0.018125,-0.00069937,0,0,0,-0.2091,0,0,0,-0.030623,Inf,Inf,3.9399,0,787315788460720,-0.056514,0,2.4286,2.2951,2.4999,0,0,0,-0.18804,-0.13468,-0.023105,-0.19377,-0.11202,-0.19561,-0.35587,0,1.725
FOX1CPR3ERY3DOX2TMP1,1,1,1,1,1,0.95752,1,1,1,1,1,1,1,0.98849,0.82136,0.98188,1,1,1,1,0.9594,1,1,0.98423,0.88707,0.99066,0.99785,0.80821,0.79058,1,0.89317,NaN,NaN,NaN,NaN,NaN,NaN,NaN,NaN,NaN,-0.17864,-0.018125,0,0,0,0,-0.040596,0,0,-0.015769,-0.11293,Inf,Inf,Inf,0,Inf,1243408704720463,0,Inf,1467031571922143,6.7087,-0.0093369,-0.002147,-0.19179,-0.20942,0,-0.032887,-0.037147,-0.3106,-0.23735,-0.057894,-0.10683,1.4226
FOX1CPR3ERY3DOX2TMP2,1,1,1,1,1,0.95752,1,1,1,1,1,1,1,0.96125,0.7841,0.98188,1,0.99668,1,0.99582,0.70245,1,1,1,0.89008,0.99066,1,0.8144,0.78585,1,0.77226,NaN,NaN,NaN,NaN,NaN,NaN,NaN,NaN,NaN,-0.2159,-0.018125,0,-0.0033181,0,-0.0041835,-0.29755,0,0,0,-0.10992,Inf,Inf,Inf,0,Inf,-0.10413,0,Inf,972327631976892,3.7352,-0.0093369,0,-0.1856,-0.21415,0,-0.032887,-0.054143,-0.15754,-0.06779,-0.12643,-0.22774,5.1369
FOX1CPR3ERY3DOX2TMP3,1,1,1,1,1,0.95752,1,1,1,1,1,0.87513,1,0.91259,0.702,0.98188,1,1,1,1,0.74515,1,1,0.83093,0.76062,0.99066,1,0.89505,0.63621,0.95222,0.70956,NaN,NaN,NaN,NaN,NaN,NaN,-0.12487,NaN,NaN,-0.298,-0.018125,0,0,0,0,-0.25485,0,0,-0.16907,-0.23938,Inf,Inf,3.9399,0,787315788460720,Inf,0,2.4286,2.0325,1.6707,-0.0093369,0,-0.10495,-0.36379,-0.047778,-0.032887,-0.19377,-0.15088,-0.2861,-0.13579,-0.29044,2.4503
FOX1CPR3ERY3DOX3TMP1,1,1,1,1,1,0.95752,1,0.97203,1,1,1,1,1,0.98849,0.64686,0.98188,1,1,1,1,0.61137,1,1,0.78566,0.81838,1,0.99785,0.61803,0.64944,0.78437,0.71182,NaN,NaN,NaN,NaN,NaN,NaN,NaN,NaN,NaN,-0.35314,-0.018125,0,0,0,0,-0.38863,0,0,-0.21434,-0.18162,Inf,2.5189,Inf,Inf,Inf,-0.012169,0,Inf,1250149865580937,15.9014,0,-0.002147,-0.38197,-0.35056,-0.21563,-0.049715,-0.037147,-0.26038,-0.21059,-0.19028,-0.28818,1.4748
FOX1CPR3ERY3DOX3TMP2,1,1,1,1,1,0.95752,1,0.97203,1,1,1,1,1,0.96125,0.64296,0.98188,1,0.99668,1,0.99582,0.60733,1,1,0.68995,0.66599,1,1,0.67589,0.62786,0.81131,0.66641,NaN,NaN,NaN,NaN,NaN,NaN,NaN,NaN,NaN,-0.35704,-0.018125,0,-0.0033181,0,-0.0041835,-0.39267,0,0,-0.31005,-0.33401,Inf,2.5189,Inf,Inf,Inf,-0.012463,0,Inf,423283202182429,1.5944,0,0,-0.32411,-0.37214,-0.18869,-0.049715,-0.054143,-0.082425,-0.095259,0.54776,-0.33359,-0.042608
FOX1CPR3ERY3DOX3TMP3,1,1,1,1,1,0.95752,1,0.97203,1,1,1,0.87513,1,0.91259,0.6976,0.98188,1,1,1,1,0.63595,1,1,0.74761,0.72224,1,1,0.64287,0.65907,0.80085,0.68004,NaN,NaN,NaN,NaN,NaN,NaN,-0.12487,NaN,NaN,-0.3024,-0.018125,0,0,0,0,-0.36405,0,0,-0.25239,-0.27776,Inf,2.5189,3.9399,Inf,787315788460720,-0.050309,0,2.4286,1.4004,1.2818,0,0,-0.35713,-0.34093,-0.19915,-0.049715,-0.19377,-0.28379,-0.15331,-0.18657,-0.31996,1.1887
FOX2CPR1ERY1DOX1TMP1,1,1,1,1,1,1,1,1,1,1,1,1,1,1,1,1,1,1,1,1,1,1,1,1,1,1,1,1,1,1,0.85656,NaN,NaN,NaN,NaN,NaN,NaN,NaN,NaN,NaN,NaN,0,0,0,0,0,0,0,0,0,0,0,0,0,0,0,0,0,0,0,0,0,0,0,0,0,0,0,0,0,0,-0.14344,-0.14344
FOX2CPR1ERY1DOX1TMP2,1,1,1,1,1,1,1,1,1,1,1,1,1,1,1,1,1,1,1,1,0.87134,1,1,0.922,1,1,1,0.88397,1,1,0.73733,NaN,NaN,NaN,NaN,NaN,NaN,NaN,NaN,NaN,NaN,0,0,0,0,0,-0.12866,0,0,-0.077998,0,0,0,0,0,0,-0.12866,0,0,-0.077998,0,0,0,-0.11603,0,0,0,0,1.162,1158891676232712,175636112001764,-0.26267,-0.32394
FOX2CPR1ERY1DOX1TMP3,1,1,1,1,1,1,1,1,0.98154,1,1,1,1,1,0.83827,1,1,0.96526,1,1,0.80876,1,1,0.97495,0.90932,1,0.80343,0.87801,0.90847,1,0.77281,NaN,NaN,NaN,NaN,NaN,NaN,NaN,NaN,NaN,-0.16173,0,0,-0.034743,0,0,-0.19124,0,0,-0.025053,-0.09068,0,0,-0.016586,0,166306559046852,-0.013472,0,0,615523909919562,319968800520901.5,0,-0.19657,-0.12199,-0.091529,0,0,-0.18327,-0.055052,0.1139,-0.043972,-0.22719,0.41114
FOX2CPR1ERY1DOX2TMP1,1,1,1,1,1,1,1,1,1,1,1,1,1,1,0.82136,1,1,1,1,1,0.86086,1,1,0.80839,0.89174,1,1,0.92579,0.76741,1,0.9385,NaN,NaN,NaN,NaN,NaN,NaN,NaN,NaN,NaN,-0.17864,0,0,0,0,0,-0.13914,0,0,-0.19161,-0.10826,0,0,0,0,0,355784326426993,0,0,-0.015784,633946432733757,0,0,-0.074214,-0.23259,0,0,0,1.9719,-0.17593,1.7224,-0.061495,-0.015791
FOX2CPR1ERY1DOX2TMP2,1,1,1,1,1,1,1,1,1,1,1,1,1,1,0.7841,1,1,1,1,1,0.76986,1,1,0.72056,0.88062,1,1,0.86254,0.79005,0.8026,0.69043,NaN,NaN,NaN,NaN,NaN,NaN,NaN,NaN,NaN,-0.2159,0,0,0,0,0,-0.23014,0,0,-0.27944,-0.11938,0,0,0,0,0,-0.018164,0,0,-0.08104,434666248849354,0,0,-0.13746,-0.20995,-0.1974,0,0,10.9694,-0.088099,-0.017717,-0.30957,-0.20481
FOX2CPR1ERY1DOX2TMP3,1,1,1,1,1,1,1,1,0.98154,1,1,1,1,1,0.702,1,1,0.96526,1,1,0.70359,1,1,0.72819,0.77317,1,0.80343,0.8338,0.78533,0.74538,0.72447,NaN,NaN,NaN,NaN,NaN,NaN,NaN,NaN,NaN,-0.298,0,0,-0.034743,0,0,-0.29641,0,0,-0.27181,-0.22683,0,0,-0.016586,0,166306559046852,1.0864,0,0,Inf,Inf,0,-0.19657,-0.1662,-0.21467,-0.25462,0,-0.18327,10.4471,-0.0099575,-0.067548,-0.27553,2.0836
FOX2CPR1ERY1DOX3TMP1,1,1,1,1,1,1,1,1,1,1,1,1,1,1,0.64686,1,1,1,1,1,0.68458,1,1,0.73549,0.7493,1,1,0.67023,0.73752,0.73863,0.68376,NaN,NaN,NaN,NaN,NaN,NaN,NaN,NaN,NaN,-0.35314,0,0,0,0,0,-0.31542,0,0,-0.26451,-0.2507,0,0,0,0,0,339706562226394,0,0,798312677130113,922637712675655,0,0,-0.32977,-0.26248,-0.26137,0,0,-0.13319,-0.062886,-0.11851,-0.31624,2.6045
FOX2CPR1ERY1DOX3TMP2,1,1,1,1,1,1,1,1,1,1,1,1,1,1,0.64296,1,1,1,1,1,0.74766,1,1,0.66153,0.68391,1,1,0.71763,0.83802,0.6492,0.78558,NaN,NaN,NaN,NaN,NaN,NaN,NaN,NaN,NaN,-0.35704,0,0,0,0,0,-0.25234,0,0,-0.33847,-0.31609,0,0,0,0,0,943135377104548,0,0,167322563016308,368873633419978,0,0,-0.28237,-0.16198,-0.3508,0,0,-0.063446,0.33914,-0.075852,-0.21442,0.27645
FOX2CPR1ERY1DOX3TMP3,1,1,1,1,1,1,1,1,0.98154,1,1,1,1,1,0.6976,1,1,0.96526,1,1,0.69264,1,1,0.69449,0.68496,1,0.80343,0.73219,0.67226,0.69289,0.7197,NaN,NaN,NaN,NaN,NaN,NaN,NaN,NaN,NaN,-0.3024,0,0,-0.034743,0,0,-0.30736,0,0,-0.30551,-0.31504,0,0,-0.016586,0,166306559046852,0.73096,0,0,-0.0044722,-0.01812,0,-0.19657,-0.26781,-0.32774,-0.30711,0,-0.18327,3.0386,-0.037516,3.5407,-0.2803,1.3658
FOX2CPR1ERY2DOX1TMP1,1,1,1,1,1,1,1,1,1,1,1,1,1,1,1,1,1,1,1,1,1,1,1,1,1,1,1,1,1,1,0.80776,NaN,NaN,NaN,NaN,NaN,NaN,NaN,NaN,NaN,NaN,0,0,0,0,0,0,0,0,0,0,0,0,0,0,0,0,0,0,0,0,0,0,0,0,0,0,0,0,0,0,-0.19224,-0.19224
FOX2CPR1ERY2DOX1TMP2,1,1,1,1,1,1,1,1,1,1,1,1,1,1,1,1,1,1,1,1,0.87134,1,1,0.922,0.95495,1,0.99672,0.88397,0.85328,1,0.77584,NaN,NaN,NaN,NaN,NaN,NaN,NaN,NaN,NaN,NaN,0,0,0,0,0,-0.12866,0,0,-0.077998,-0.045051,0,0,0,0,0,-0.12866,0,0,-0.077998,-0.045051,0,-0.0032785,-0.11603,-0.14672,0,0,-0.0032785,1.162,0.59927,2.7313,-0.22416,-0.21289
FOX2CPR1ERY2DOX1TMP3,1,1,1,1,1,1,1,1,0.98154,1,1,1,1,1,0.83827,1,1,0.96526,1,1,0.80876,1,1,0.97495,0.89743,1,0.79734,0.87801,0.89569,0.99736,0.86272,NaN,NaN,NaN,NaN,NaN,NaN,NaN,NaN,NaN,-0.16173,0,0,-0.034743,0,0,-0.19124,0,0,-0.025053,-0.10257,0,0,-0.016586,0,166306559046852,-0.013472,0,0,615523909919562,266396524337851.5,0,-0.20266,-0.12199,-0.10431,-0.0026446,0,-0.18946,-0.055052,0.11998,-0.035532,-0.13728,2.1774
FOX2CPR1ERY2DOX2TMP1,1,1,1,1,1,1,1,1,1,1,1,1,1,1,0.82136,1,1,1,1,1,0.86086,1,1,0.80839,0.9722,1,1,0.92579,0.83181,1,0.83776,NaN,NaN,NaN,NaN,NaN,NaN,NaN,NaN,NaN,-0.17864,0,0,0,0,0,-0.13914,0,0,-0.19161,-0.027803,0,0,0,0,0,355784326426993,0,0,-0.015784,1358635992537875,0,0,-0.074214,-0.16819,0,0,0,1.9719,-0.17781,0.27027,-0.16224,-0.10639
FOX2CPR1ERY2DOX2TMP2,1,1,1,1,1,1,1,1,1,1,1,1,1,1,0.7841,1,1,1,1,1,0.76986,1,1,0.72056,0.84165,1,0.99672,0.86254,0.78788,0.81078,0.70071,NaN,NaN,NaN,NaN,NaN,NaN,NaN,NaN,NaN,-0.2159,0,0,0,0,0,-0.23014,0,0,-0.27944,-0.15835,0,0,0,0,0,-0.018164,0,0,-0.08104,259202717487472,0,-0.0032785,-0.13746,-0.21212,-0.18922,0,-0.0032785,10.9694,-0.047774,0.56754,-0.29929,-0.22995
FOX2CPR1ERY2DOX2TMP3,1,1,1,1,1,1,1,1,0.98154,1,1,1,1,1,0.702,1,1,0.96526,1,1,0.70359,1,1,0.72819,0.85023,1,0.79734,0.8338,0.75341,0.84142,0.83729,NaN,NaN,NaN,NaN,NaN,NaN,NaN,NaN,NaN,-0.298,0,0,-0.034743,0,0,-0.29641,0,0,-0.27181,-0.14977,0,0,-0.016586,0,166306559046852,1.0864,0,0,Inf,Inf,0,-0.20266,-0.1662,-0.24659,-0.15858,0,-0.18946,10.4471,-0.1343,-0.039945,-0.16271,4.4022
FOX2CPR1ERY2DOX3TMP1,1,1,1,1,1,1,1,1,1,1,1,1,1,1,0.64686,1,1,1,1,1,0.68458,1,1,0.73549,0.70969,1,1,0.67023,0.77635,0.70629,0.66854,NaN,NaN,NaN,NaN,NaN,NaN,NaN,NaN,NaN,-0.35314,0,0,0,0,0,-0.31542,0,0,-0.26451,-0.29031,0,0,0,0,0,339706562226394,0,0,798312677130113,565879452204766,0,0,-0.32977,-0.22365,-0.29371,0,0,-0.13319,0.28793,-0.11528,-0.33146,-0.0021371
FOX2CPR1ERY2DOX3TMP2,1,1,1,1,1,1,1,1,1,1,1,1,1,1,0.64296,1,1,1,1,1,0.74766,1,1,0.66153,0.72432,1,0.99672,0.71763,0.69124,0.64239,0.67258,NaN,NaN,NaN,NaN,NaN,NaN,NaN,NaN,NaN,-0.35704,0,0,0,0,0,-0.25234,0,0,-0.33847,-0.27568,0,0,0,0,0,943135377104548,0,0,167322563016308,732882246136730,0,-0.0032785,-0.28237,-0.30876,-0.35761,0,-0.0032785,-0.063446,-0.1662,-0.13529,-0.32742,1.3553
FOX2CPR1ERY2DOX3TMP3,1,1,1,1,1,1,1,1,0.98154,1,1,1,1,1,0.6976,1,1,0.96526,1,1,0.69264,1,1,0.69449,0.76145,1,0.79734,0.73219,0.67307,0.83614,0.74791,NaN,NaN,NaN,NaN,NaN,NaN,NaN,NaN,NaN,-0.3024,0,0,-0.034743,0,0,-0.30736,0,0,-0.30551,-0.23855,0,0,-0.016586,0,166306559046852,0.73096,0,0,-0.0044722,575041046564089,0,-0.20266,-0.26781,-0.32693,-0.16386,0,-0.18946,3.0386,-0.13146,1.2188,-0.25209,2.0843
FOX2CPR1ERY3DOX1TMP1,1,1,1,1,1,1,1,1,1,1,1,1,1,0.98849,1,1,1,1,1,1,1,1,1,1,0.95222,1,1,1,1,1,0.78711,NaN,NaN,NaN,NaN,NaN,NaN,NaN,NaN,NaN,NaN,0,0,0,0,0,0,0,0,0,-0.047778,0,0,0,0,Inf,0,0,Inf,0,-0.03669,0,0,0,0,0,0,-0.011379,0,3.1508,3.1508,-0.21289,-0.24044
FOX2CPR1ERY3DOX1TMP2,1,1,1,1,1,1,1,1,1,1,1,1,1,0.96125,1,1,1,1,1,1,0.87134,1,1,0.922,0.89403,1,1,0.88397,0.99832,0.93587,0.74221,NaN,NaN,NaN,NaN,NaN,NaN,NaN,NaN,NaN,NaN,0,0,0,0,0,-0.12866,0,0,-0.077998,-0.10597,0,0,0,0,Inf,-0.12866,0,Inf,-0.077998,-0.069928,0,0,-0.11603,-0.0016797,-0.064125,0,-0.037302,1.162,2.8891,2.066,-0.25779,-0.32035
FOX2CPR1ERY3DOX1TMP3,1,1,1,1,1,1,1,1,0.98154,1,1,1,1,0.91259,0.83827,1,1,0.96526,1,1,0.80876,1,1,0.97495,0.96938,1,1,0.87801,0.87432,0.90234,0.89737,NaN,NaN,NaN,NaN,NaN,NaN,NaN,NaN,NaN,-0.16173,0,0,-0.034743,0,0,-0.19124,0,0,-0.025053,-0.030623,0,0,-0.016586,0,5.7341,-0.013472,0,787315788460720,615523909919562,2.4999,0,0,-0.12199,-0.12568,-0.097659,0,-0.066407,-0.055052,-0.16393,-0.24393,-0.10263,1.6327
FOX2CPR1ERY3DOX2TMP1,1,1,1,1,1,1,1,1,1,1,1,1,1,0.98849,0.82136,1,1,1,1,1,0.86086,1,1,0.80839,0.88707,1,1,0.92579,0.93692,0.87737,0.80895,NaN,NaN,NaN,NaN,NaN,NaN,NaN,NaN,NaN,-0.17864,0,0,0,0,0,-0.13914,0,0,-0.19161,-0.11293,0,0,0,0,Inf,355784326426993,0,Inf,-0.015784,6.7087,0,0,-0.074214,-0.063083,-0.12263,0,-0.011379,1.9719,-0.001238,-0.0093036,-0.19105,-0.18584
FOX2CPR1ERY3DOX2TMP2,1,1,1,1,1,1,1,1,1,1,1,1,1,0.96125,0.7841,1,1,1,1,1,0.76986,1,1,0.72056,0.89008,1,1,0.86254,0.7671,0.81768,0.77597,NaN,NaN,NaN,NaN,NaN,NaN,NaN,NaN,NaN,-0.2159,0,0,0,0,0,-0.23014,0,0,-0.27944,-0.10992,0,0,0,0,Inf,-0.018164,0,Inf,-0.08104,3.7352,0,0,-0.13746,-0.2329,-0.18232,0,-0.037302,10.9694,-0.16126,-0.055016,-0.22403,-0.044589
FOX2CPR1ERY3DOX2TMP3,1,1,1,1,1,1,1,1,0.98154,1,1,1,1,0.91259,0.702,1,1,0.96526,1,1,0.70359,1,1,0.72819,0.76062,1,1,0.8338,0.77803,0.68219,0.73941,NaN,NaN,NaN,NaN,NaN,NaN,NaN,NaN,NaN,-0.298,0,0,-0.034743,0,0,-0.29641,0,0,-0.27181,-0.23938,0,0,-0.016586,0,5.7341,1.0864,0,787315788460720,Inf,1.6707,0,0,-0.1662,-0.22197,-0.31781,0,-0.066407,10.4471,-0.10375,-0.21967,-0.26059,0.13795
FOX2CPR1ERY3DOX3TMP1,1,1,1,1,1,1,1,1,1,1,1,1,1,0.98849,0.64686,1,1,1,1,1,0.68458,1,1,0.73549,0.81838,1,1,0.67023,0.7311,0.66142,0.68103,NaN,NaN,NaN,NaN,NaN,NaN,NaN,NaN,NaN,-0.35314,0,0,0,0,0,-0.31542,0,0,-0.26451,-0.18162,0,0,0,0,Inf,339706562226394,0,Inf,798312677130113,15.9014,0,0,-0.32977,-0.2689,-0.33858,0,-0.011379,-0.13319,-0.15734,-0.27992,-0.31897,1.1825
FOX2CPR1ERY3DOX3TMP2,1,1,1,1,1,1,1,1,1,1,1,1,1,0.96125,0.64296,1,1,1,1,1,0.74766,1,1,0.66153,0.66599,1,1,0.71763,0.69219,0.65152,0.69926,NaN,NaN,NaN,NaN,NaN,NaN,NaN,NaN,NaN,-0.35704,0,0,0,0,0,-0.25234,0,0,-0.33847,-0.33401,0,0,0,0,Inf,943135377104548,0,Inf,167322563016308,1.5944,0,0,-0.28237,-0.30781,-0.34848,0,-0.037302,-0.063446,-0.14486,-0.099257,-0.30074,2.0703
FOX2CPR1ERY3DOX3TMP3,1,1,1,1,1,1,1,1,0.98154,1,1,1,1,0.91259,0.6976,1,1,0.96526,1,1,0.69264,1,1,0.69449,0.72224,1,1,0.73219,0.6997,0.70359,0.71095,NaN,NaN,NaN,NaN,NaN,NaN,NaN,NaN,NaN,-0.3024,0,0,-0.034743,0,0,-0.30736,0,0,-0.30551,-0.27776,0,0,-0.016586,0,5.7341,0.73096,0,787315788460720,-0.0044722,1.2818,0,0,-0.26781,-0.3003,-0.29641,0,-0.066407,3.0386,-0.14997,-0.12763,-0.28905,1.4571
FOX2CPR2ERY1DOX1TMP1,1,1,1,1,1,1,1,1,1,1,1,1,1,1,1,1,1,1,1,1,1,1,1,0.93499,1,1,1,0.3749,1,1,1,NaN,NaN,NaN,NaN,NaN,NaN,NaN,NaN,NaN,NaN,0,0,0,0,0,0,0,0,-0.065005,0,0,0,0,0,0,0,0,0,-0.065005,0,0,0,-0.6251,0,0,0,0,-0.59904,0,195171937103802.7,0,8.6162
FOX2CPR2ERY1DOX1TMP2,1,1,1,1,1,1,1,1,1,1,1,1,1,1,1,1,1,1,1,1,0.87134,1,1,0.87641,1,1,1,0.60283,1,1,1,NaN,NaN,NaN,NaN,NaN,NaN,NaN,NaN,NaN,NaN,0,0,0,0,0,-0.12866,0,0,-0.12359,0,0,0,0,0,0,-0.12866,0,0,-0.12359,0,0,0,-0.39717,0,0,0,0,-0.1938,1158891676232712,278304785972460,0,0.57446
FOX2CPR2ERY1DOX1TMP3,1,1,1,1,1,1,1,1,0.98154,1,1,0.94242,1,1,0.83827,1,1,0.78771,1,1,0.80876,1,1,1,0.90932,1,1,0.73728,0.90847,0.98006,0.93079,NaN,NaN,NaN,NaN,NaN,NaN,NaN,NaN,NaN,-0.16173,0,0,-0.21229,0,0,-0.19124,0,0,0,-0.09068,0,0,-0.14746,0,166306559046852,-0.013472,0,518620843946560,3.8088,319968800520901.5,0,0,-0.26272,-0.091529,-0.019939,0,1.7917,-0.11623,0.1139,-0.13163,-0.069211,0.33484
FOX2CPR2ERY1DOX2TMP1,1,1,1,1,1,1,1,1,1,1,1,1,1,1,0.82136,1,1,1,1,1,0.86086,1,1,0.8048,0.89174,1,1,1,0.76741,1,0.8714,NaN,NaN,NaN,NaN,NaN,NaN,NaN,NaN,NaN,-0.17864,0,0,0,0,0,-0.13914,0,0,-0.1952,-0.10826,0,0,0,0,0,355784326426993,0,0,-0.020156,633946432733757,0,0,0,-0.23259,0,0,0,3.9417,-0.17593,1.7734,-0.1286,-0.15511
FOX2CPR2ERY1DOX2TMP2,1,1,1,1,1,1,1,1,1,1,1,1,1,1,0.7841,1,1,1,1,1,0.76986,1,1,0.86829,0.88062,1,1,0.7708,0.79005,0.93633,0.94307,NaN,NaN,NaN,NaN,NaN,NaN,NaN,NaN,NaN,-0.2159,0,0,0,0,0,-0.23014,0,0,-0.13171,-0.11938,0,0,0,0,0,-0.018164,0,0,379160897552208,434666248849354,0,0,-0.2292,-0.20995,-0.063669,0,0,-0.097472,-0.088099,-0.029513,-0.056931,24.5927
FOX2CPR2ERY1DOX2TMP3,1,1,1,1,1,1,1,1,0.98154,1,1,0.94242,1,1,0.702,1,1,0.78771,1,1,0.70359,1,1,0.76479,0.77317,1,1,0.72798,0.78533,0.96365,0.84155,NaN,NaN,NaN,NaN,NaN,NaN,NaN,NaN,NaN,-0.298,0,0,-0.21229,0,0,-0.29641,0,0,-0.23521,-0.22683,0,0,-0.14746,0,166306559046852,1.0864,0,518620843946560,2.0906,Inf,0,0,-0.27202,-0.21467,-0.036355,0,1.7917,1.3616,-0.0099575,0.36594,-0.15845,-0.21617
FOX2CPR2ERY1DOX3TMP1,1,1,1,1,1,1,1,1,1,1,1,1,1,1,0.64686,1,1,1,1,1,0.68458,1,1,0.79404,0.7493,1,1,0.69189,0.73752,0.86509,0.76445,NaN,NaN,NaN,NaN,NaN,NaN,NaN,NaN,NaN,-0.35314,0,0,0,0,0,-0.31542,0,0,-0.20596,-0.2507,0,0,0,0,0,339706562226394,0,0,1325671294285146,922637712675655,0,0,-0.30811,-0.26248,-0.13491,0,0,-0.16816,-0.062886,-0.035007,-0.23555,0.76601
FOX2CPR2ERY1DOX3TMP2,1,1,1,1,1,1,1,1,1,1,1,1,1,1,0.64296,1,1,1,1,1,0.74766,1,1,0.7395,0.68391,1,1,0.67564,0.83802,0.83414,0.68575,NaN,NaN,NaN,NaN,NaN,NaN,NaN,NaN,NaN,-0.35704,0,0,0,0,0,-0.25234,0,0,-0.2605,-0.31609,0,0,0,0,0,943135377104548,0,0,869604361993811,368873633419978,0,0,-0.32436,-0.16198,-0.16586,0,0,-0.19968,0.33914,0.39047,-0.31425,-0.16339
FOX2CPR2ERY1DOX3TMP3,1,1,1,1,1,1,1,1,0.98154,1,1,0.94242,1,1,0.6976,1,1,0.78771,1,1,0.69264,1,1,0.77927,0.68496,1,1,0.69944,0.67226,0.79903,0.71645,NaN,NaN,NaN,NaN,NaN,NaN,NaN,NaN,NaN,-0.3024,0,0,-0.21229,0,0,-0.30736,0,0,-0.22073,-0.31504,0,0,-0.14746,0,166306559046852,0.73096,0,518620843946560,2.4184,-0.01812,0,0,-0.30056,-0.32774,-0.20097,0,1.7917,1.1246,-0.037516,-0.030548,-0.28355,-0.15484
FOX2CPR2ERY2DOX1TMP1,1,1,1,1,1,1,1,1,1,1,1,1,1,1,1,1,1,1,1,1,1,1,1,0.93499,1,1,1,0.3749,1,0.75472,0.80407,NaN,NaN,NaN,NaN,NaN,NaN,NaN,NaN,NaN,NaN,0,0,0,0,0,0,0,0,-0.065005,0,0,0,0,0,0,0,0,0,-0.065005,0,0,0,-0.6251,0,-0.24528,0,0,-0.59904,0,-0.19281,-0.19593,3.3806
FOX2CPR2ERY2DOX1TMP2,1,1,1,1,1,1,1,1,1,1,1,1,1,1,1,1,1,1,1,1,0.87134,1,1,0.87641,0.95495,1,1,0.60283,0.85328,1,0.96344,NaN,NaN,NaN,NaN,NaN,NaN,NaN,NaN,NaN,NaN,0,0,0,0,0,-0.12866,0,0,-0.12359,-0.045051,0,0,0,0,0,-0.12866,0,0,-0.12359,-0.045051,0,0,-0.39717,-0.14672,0,0,0,-0.1938,0.59927,3.7434,-0.036564,1.3946
FOX2CPR2ERY2DOX1TMP3,1,1,1,1,1,1,1,1,0.98154,1,1,0.94242,1,1,0.83827,1,1,0.78771,1,1,0.80876,1,1,1,0.89743,1,1,0.73728,0.89569,0.86623,0.86863,NaN,NaN,NaN,NaN,NaN,NaN,NaN,NaN,NaN,-0.16173,0,0,-0.21229,0,0,-0.19124,0,0,0,-0.10257,0,0,-0.14746,0,166306559046852,-0.013472,0,518620843946560,3.8088,266396524337851.5,0,0,-0.26272,-0.10431,-0.13377,0,1.7917,-0.11623,0.11998,-0.22432,-0.13137,3.3418
FOX2CPR2ERY2DOX2TMP1,1,1,1,1,1,1,1,1,1,1,1,1,1,1,0.82136,1,1,1,1,1,0.86086,1,1,0.8048,0.9722,1,1,1,0.83181,1,0.91028,NaN,NaN,NaN,NaN,NaN,NaN,NaN,NaN,NaN,-0.17864,0,0,0,0,0,-0.13914,0,0,-0.1952,-0.027803,0,0,0,0,0,355784326426993,0,0,-0.020156,1358635992537875,0,0,0,-0.16819,0,0,0,3.9417,-0.17781,0.29408,-0.089718,-0.10344
FOX2CPR2ERY2DOX2TMP2,1,1,1,1,1,1,1,1,1,1,1,1,1,1,0.7841,1,1,1,1,1,0.76986,1,1,0.86829,0.84165,1,1,0.7708,0.78788,0.82473,0.83493,NaN,NaN,NaN,NaN,NaN,NaN,NaN,NaN,NaN,-0.2159,0,0,0,0,0,-0.23014,0,0,-0.13171,-0.15835,0,0,0,0,0,-0.018164,0,0,379160897552208,259202717487472,0,0,-0.2292,-0.21212,-0.17527,0,0,-0.097472,-0.047774,-0.10921,-0.16507,1.7921
FOX2CPR2ERY2DOX2TMP3,1,1,1,1,1,1,1,1,0.98154,1,1,0.94242,1,1,0.702,1,1,0.78771,1,1,0.70359,1,1,0.76479,0.85023,1,1,0.72798,0.75341,1,0.76749,NaN,NaN,NaN,NaN,NaN,NaN,NaN,NaN,NaN,-0.298,0,0,-0.21229,0,0,-0.29641,0,0,-0.23521,-0.14977,0,0,-0.14746,0,166306559046852,1.0864,0,518620843946560,2.0906,Inf,0,0,-0.27202,-0.24659,0,0,1.7917,1.3616,-0.1343,0.10943,-0.23251,-0.23329
FOX2CPR2ERY2DOX3TMP1,1,1,1,1,1,1,1,1,1,1,1,1,1,1,0.64686,1,1,1,1,1,0.68458,1,1,0.79404,0.70969,1,1,0.69189,0.77635,0.77566,0.66356,NaN,NaN,NaN,NaN,NaN,NaN,NaN,NaN,NaN,-0.35314,0,0,0,0,0,-0.31542,0,0,-0.20596,-0.29031,0,0,0,0,0,339706562226394,0,0,1325671294285146,565879452204766,0,0,-0.30811,-0.22365,-0.22434,0,0,-0.16816,0.28793,-0.094774,-0.33644,-0.055371
FOX2CPR2ERY2DOX3TMP2,1,1,1,1,1,1,1,1,1,1,1,1,1,1,0.64296,1,1,1,1,1,0.74766,1,1,0.7395,0.72432,1,1,0.67564,0.69124,0.7565,0.64421,NaN,NaN,NaN,NaN,NaN,NaN,NaN,NaN,NaN,-0.35704,0,0,0,0,0,-0.25234,0,0,-0.2605,-0.27568,0,0,0,0,0,943135377104548,0,0,869604361993811,732882246136730,0,0,-0.32436,-0.30876,-0.2435,0,0,-0.19968,-0.1662,-0.078419,-0.35579,1.0142
FOX2CPR2ERY2DOX3TMP3,1,1,1,1,1,1,1,1,0.98154,1,1,0.94242,1,1,0.6976,1,1,0.78771,1,1,0.69264,1,1,0.77927,0.76145,1,1,0.69944,0.67307,0.74841,0.70071,NaN,NaN,NaN,NaN,NaN,NaN,NaN,NaN,NaN,-0.3024,0,0,-0.21229,0,0,-0.30736,0,0,-0.22073,-0.23855,0,0,-0.14746,0,166306559046852,0.73096,0,518620843946560,2.4184,575041046564089,0,0,-0.30056,-0.32693,-0.25159,0,1.7917,1.1246,-0.13146,-0.16907,-0.29929,-0.028706
FOX2CPR2ERY3DOX1TMP1,1,1,1,1,1,1,1,1,1,1,1,1,1,0.98849,1,1,1,1,1,1,1,1,1,0.93499,0.95222,1,1,0.3749,1,0.81885,0.69977,NaN,NaN,NaN,NaN,NaN,NaN,NaN,NaN,NaN,NaN,0,0,0,0,0,0,0,0,-0.065005,-0.047778,0,0,0,0,Inf,0,0,Inf,-0.065005,-0.03669,0,0,-0.6251,0,-0.18115,0,-0.011379,-0.59904,3.1508,-0.088879,-0.30023,5.0671
FOX2CPR2ERY3DOX1TMP2,1,1,1,1,1,1,1,1,1,1,1,1,1,0.96125,1,1,1,1,1,1,0.87134,1,1,0.87641,0.89403,1,1,0.60283,0.99832,1,0.74093,NaN,NaN,NaN,NaN,NaN,NaN,NaN,NaN,NaN,NaN,0,0,0,0,0,-0.12866,0,0,-0.12359,-0.10597,0,0,0,0,Inf,-0.12866,0,Inf,-0.12359,-0.069928,0,0,-0.39717,-0.0016797,0,0,-0.037302,-0.1938,2.8891,2.8387,-0.25907,-0.19519
FOX2CPR2ERY3DOX1TMP3,1,1,1,1,1,1,1,1,0.98154,1,1,0.94242,1,0.91259,0.83827,1,1,0.78771,1,1,0.80876,1,1,1,0.96938,1,0.90558,0.73728,0.87432,0.85742,0.84497,NaN,NaN,NaN,NaN,NaN,NaN,NaN,NaN,NaN,-0.16173,0,0,-0.21229,0,0,-0.19124,0,0,0,-0.030623,0,0,-0.14746,0,5.7341,-0.013472,0,2.5181,3.8088,2.4999,0,-0.094417,-0.26272,-0.12568,-0.14258,0,-0.04792,-0.11623,-0.16393,-0.32809,-0.15503,1.4245
FOX2CPR2ERY3DOX2TMP1,1,1,1,1,1,1,1,1,1,1,1,1,1,0.98849,0.82136,1,1,1,1,1,0.86086,1,1,0.8048,0.88707,1,1,1,0.93692,1,1,NaN,NaN,NaN,NaN,NaN,NaN,NaN,NaN,NaN,-0.17864,0,0,0,0,0,-0.13914,0,0,-0.1952,-0.11293,0,0,0,0,Inf,355784326426993,0,Inf,-0.020156,6.7087,0,0,0,-0.063083,0,0,-0.011379,3.9417,-0.001238,1.5278,0,-0.1625
FOX2CPR2ERY3DOX2TMP2,1,1,1,1,1,1,1,1,1,1,1,1,1,0.96125,0.7841,1,1,1,1,1,0.76986,1,1,0.86829,0.89008,1,1,0.7708,0.7671,0.82535,0.91328,NaN,NaN,NaN,NaN,NaN,NaN,NaN,NaN,NaN,-0.2159,0,0,0,0,0,-0.23014,0,0,-0.13171,-0.10992,0,0,0,0,Inf,-0.018164,0,Inf,379160897552208,3.7352,0,0,-0.2292,-0.2329,-0.17465,0,-0.037302,-0.097472,-0.16126,-0.18525,-0.086719,1.7829
FOX2CPR2ERY3DOX2TMP3,1,1,1,1,1,1,1,1,0.98154,1,1,0.94242,1,0.91259,0.702,1,1,0.78771,1,1,0.70359,1,1,0.76479,0.76062,1,0.90558,0.72798,0.77803,0.80852,0.72013,NaN,NaN,NaN,NaN,NaN,NaN,NaN,NaN,NaN,-0.298,0,0,-0.21229,0,0,-0.29641,0,0,-0.23521,-0.23938,0,0,-0.14746,0,5.7341,1.0864,0,2.5181,2.0906,1.6707,0,-0.094417,-0.27202,-0.22197,-0.19148,0,-0.04792,1.3616,-0.10375,-0.1651,-0.27987,-0.029385
FOX2CPR2ERY3DOX3TMP1,1,1,1,1,1,1,1,1,1,1,1,1,1,0.98849,0.64686,1,1,1,1,1,0.68458,1,1,0.79404,0.81838,1,1,0.69189,0.7311,0.7868,0.68133,NaN,NaN,NaN,NaN,NaN,NaN,NaN,NaN,NaN,-0.35314,0,0,0,0,0,-0.31542,0,0,-0.20596,-0.18162,0,0,0,0,Inf,339706562226394,0,Inf,1325671294285146,15.9014,0,0,-0.30811,-0.2689,-0.2132,0,-0.011379,-0.16816,-0.15734,-0.19473,-0.31867,1.3492
FOX2CPR2ERY3DOX3TMP2,1,1,1,1,1,1,1,1,1,1,1,1,1,0.96125,0.64296,1,1,1,1,1,0.74766,1,1,0.7395,0.66599,1,1,0.67564,0.69219,0.75062,0.65784,NaN,NaN,NaN,NaN,NaN,NaN,NaN,NaN,NaN,-0.35704,0,0,0,0,0,-0.25234,0,0,-0.2605,-0.33401,0,0,0,0,Inf,943135377104548,0,Inf,869604361993811,1.5944,0,0,-0.32436,-0.30781,-0.24938,0,-0.037302,-0.19968,-0.14486,-0.063224,-0.34216,1.2026
FOX2CPR2ERY3DOX3TMP3,1,1,1,1,1,1,1,1,0.98154,1,1,0.94242,1,0.91259,0.6976,1,1,0.78771,1,1,0.69264,1,1,0.77927,0.72224,1,0.90558,0.69944,0.6997,0.79749,0.69699,NaN,NaN,NaN,NaN,NaN,NaN,NaN,NaN,NaN,-0.3024,0,0,-0.21229,0,0,-0.30736,0,0,-0.22073,-0.27776,0,0,-0.14746,0,5.7341,0.73096,0,2.5181,2.4184,1.2818,0,-0.094417,-0.30056,-0.3003,-0.20251,0,-0.04792,1.1246,-0.14997,-0.15956,-0.30301,1.1142
FOX2CPR3ERY1DOX1TMP1,1,1,1,1,1,1,1,1,1,1,1,1,1,1,1,1,1,1,1,1,1,1,1,1,1,0.94376,1,0.87141,1,1,0.89759,NaN,NaN,NaN,NaN,NaN,NaN,NaN,NaN,NaN,NaN,0,0,0,0,0,0,0,0,0,0,0,0,0,0,0,0,0,0,0,0,-0.056242,0,-0.12859,0,0,-0.056242,0,-0.12859,0,0,-0.10241,1.4655
FOX2CPR3ERY1DOX1TMP2,1,1,1,1,1,1,1,1,1,1,1,1,1,1,1,1,1,1,1,1,0.87134,1,1,0.79408,1,0.94376,1,0.86672,1,1,0.7697,NaN,NaN,NaN,NaN,NaN,NaN,NaN,NaN,NaN,NaN,0,0,0,0,0,-0.12866,0,0,-0.20592,0,0,0,0,0,0,-0.12866,0,0,-0.20592,0,-0.056242,0,-0.13328,0,0,-0.056242,0,1.5645,1158891676232712,463683890832484,-0.2303,-0.3278
FOX2CPR3ERY1DOX1TMP3,1,1,1,1,1,1,1,1,0.98154,1,1,0.87513,1,1,0.83827,1,1,1,1,1,0.80876,1,1,1,0.90932,0.94376,1,0.72452,0.90847,1,0.96523,NaN,NaN,NaN,NaN,NaN,NaN,-0.12487,NaN,NaN,-0.16173,0,0,0,0,0,-0.19124,0,0,0,-0.09068,0,0,7.7632,0,166306559046852,-0.013472,0,1124767211904664,2.2951,319968800520901.5,-0.056242,0,-0.27548,-0.091529,0,-0.056242,-0.12537,-0.34952,0.1139,-0.16382,-0.034774,2.4083
FOX2CPR3ERY1DOX2TMP1,1,1,1,1,1,1,1,1,1,1,1,1,1,1,0.82136,1,1,1,1,1,0.86086,1,1,0.98423,0.89174,1,1,0.83729,0.76741,1,0.91572,NaN,NaN,NaN,NaN,NaN,NaN,NaN,NaN,NaN,-0.17864,0,0,0,0,0,-0.13914,0,0,-0.015769,-0.10826,0,0,0,0,0,355784326426993,0,0,1467031571922143,633946432733757,0,0,-0.16271,-0.23259,0,0,0,-0.18212,-0.17593,-0.051785,-0.084278,2.8971
FOX2CPR3ERY1DOX2TMP2,1,1,1,1,1,1,1,1,1,1,1,1,1,1,0.7841,1,1,1,1,1,0.76986,1,1,1,0.88062,1,1,0.71542,0.79005,1,0.86628,NaN,NaN,NaN,NaN,NaN,NaN,NaN,NaN,NaN,-0.2159,0,0,0,0,0,-0.23014,0,0,0,-0.11938,0,0,0,0,0,-0.018164,0,0,972327631976892,434666248849354,0,0,-0.28458,-0.20995,0,0,0,-0.27424,-0.088099,-0.08802,-0.13372,2.9765
FOX2CPR3ERY1DOX2TMP3,1,1,1,1,1,1,1,1,0.98154,1,1,0.87513,1,1,0.702,1,1,1,1,1,0.70359,1,1,0.83093,0.77317,1,1,0.7733,0.78533,1,0.84606,NaN,NaN,NaN,NaN,NaN,NaN,-0.12487,NaN,NaN,-0.298,0,0,0,0,0,-0.29641,0,0,-0.16907,-0.22683,0,0,7.7632,0,166306559046852,1.0864,0,1124767211904664,2.0325,Inf,0,0,-0.2267,-0.21467,0,0,-0.12537,-0.20758,-0.0099575,-0.026277,-0.15394,0.33895
FOX2CPR3ERY1DOX3TMP1,1,1,1,1,1,1,1,1,1,1,1,1,1,1,0.64686,1,1,1,1,1,0.68458,1,1,0.78566,0.7493,1,1,0.66351,0.73752,0.8152,0.70472,NaN,NaN,NaN,NaN,NaN,NaN,NaN,NaN,NaN,-0.35314,0,0,0,0,0,-0.31542,0,0,-0.21434,-0.2507,0,0,0,0,0,339706562226394,0,0,1250149865580937,922637712675655,0,0,-0.33649,-0.26248,-0.1848,0,0,-0.19416,-0.062886,-0.082076,-0.29528,18.4993
FOX2CPR3ERY1DOX3TMP2,1,1,1,1,1,1,1,1,1,1,1,1,1,1,0.64296,1,1,1,1,1,0.74766,1,1,0.68995,0.68391,1,1,0.6408,0.83802,0.80972,0.76818,NaN,NaN,NaN,NaN,NaN,NaN,NaN,NaN,NaN,-0.35704,0,0,0,0,0,-0.25234,0,0,-0.31005,-0.31609,0,0,0,0,0,943135377104548,0,0,423283202182429,368873633419978,0,0,-0.3592,-0.16198,-0.19028,0,0,-0.19362,0.33914,0.89623,-0.23182,-0.051604
FOX2CPR3ERY1DOX3TMP3,1,1,1,1,1,1,1,1,0.98154,1,1,0.87513,1,1,0.6976,1,1,1,1,1,0.69264,1,1,0.74761,0.68496,1,1,0.61314,0.67226,0.73075,0.75493,NaN,NaN,NaN,NaN,NaN,NaN,-0.12487,NaN,NaN,-0.3024,0,0,0,0,0,-0.30736,0,0,-0.25239,-0.31504,0,0,7.7632,0,166306559046852,0.73096,0,1124767211904664,1.4004,-0.01812,0,0,-0.38686,-0.32774,-0.26925,0,-0.12537,-0.30796,-0.037516,-0.15013,-0.24507,1.8443
FOX2CPR3ERY2DOX1TMP1,1,1,1,1,1,1,1,1,1,1,1,1,1,1,1,1,1,1,1,1,1,1,1,1,1,1,1,0.87141,1,1,1,NaN,NaN,NaN,NaN,NaN,NaN,NaN,NaN,NaN,NaN,0,0,0,0,0,0,0,0,0,0,0,0,0,0,0,0,0,0,0,0,0,0,-0.12859,0,0,0,0,-0.12859,0,0,0,231644218049638.4
FOX2CPR3ERY2DOX1TMP2,1,1,1,1,1,1,1,1,1,1,1,1,1,1,1,1,1,1,1,1,0.87134,1,1,0.79408,0.95495,1,1,0.86672,0.85328,1,0.97545,NaN,NaN,NaN,NaN,NaN,NaN,NaN,NaN,NaN,NaN,0,0,0,0,0,-0.12866,0,0,-0.20592,-0.045051,0,0,0,0,0,-0.12866,0,0,-0.20592,-0.045051,0,0,-0.13328,-0.14672,0,0,0,1.5645,0.59927,5.5708,-0.024546,-0.11293
FOX2CPR3ERY2DOX1TMP3,1,1,1,1,1,1,1,1,0.98154,1,1,0.87513,1,1,0.83827,1,1,1,1,1,0.80876,1,1,1,0.89743,1,1,0.72452,0.89569,0.9646,0.79985,NaN,NaN,NaN,NaN,NaN,NaN,-0.12487,NaN,NaN,-0.16173,0,0,0,0,0,-0.19124,0,0,0,-0.10257,0,0,7.7632,0,166306559046852,-0.013472,0,1124767211904664,2.2951,266396524337851.5,0,0,-0.27548,-0.10431,-0.035396,0,-0.12537,-0.34952,0.11998,-0.18532,-0.20015,1.499
FOX2CPR3ERY2DOX2TMP1,1,1,1,1,1,1,1,1,1,1,1,1,1,1,0.82136,1,1,1,1,1,0.86086,1,1,0.98423,0.9722,1,1,0.83729,0.83181,1,0.89479,NaN,NaN,NaN,NaN,NaN,NaN,NaN,NaN,NaN,-0.17864,0,0,0,0,0,-0.13914,0,0,-0.015769,-0.027803,0,0,0,0,0,355784326426993,0,0,1467031571922143,1358635992537875,0,0,-0.16271,-0.16819,0,0,0,-0.18212,-0.17781,-0.119,-0.10521,1.4955
FOX2CPR3ERY2DOX2TMP2,1,1,1,1,1,1,1,1,1,1,1,1,1,1,0.7841,1,1,1,1,1,0.76986,1,1,1,0.84165,1,1,0.71542,0.78788,1,0.77467,NaN,NaN,NaN,NaN,NaN,NaN,NaN,NaN,NaN,-0.2159,0,0,0,0,0,-0.23014,0,0,0,-0.15835,0,0,0,0,0,-0.018164,0,0,972327631976892,259202717487472,0,0,-0.28458,-0.21212,0,0,0,-0.27424,-0.047774,-0.054422,-0.22533,2.4988
FOX2CPR3ERY2DOX2TMP3,1,1,1,1,1,1,1,1,0.98154,1,1,0.87513,1,1,0.702,1,1,1,1,1,0.70359,1,1,0.83093,0.85023,1,1,0.7733,0.75341,1,0.79712,NaN,NaN,NaN,NaN,NaN,NaN,-0.12487,NaN,NaN,-0.298,0,0,0,0,0,-0.29641,0,0,-0.16907,-0.14977,0,0,7.7632,0,166306559046852,1.0864,0,1124767211904664,2.0325,Inf,0,0,-0.2267,-0.24659,0,0,-0.12537,-0.20758,-0.1343,-0.094239,-0.20288,69.4041
FOX2CPR3ERY2DOX3TMP1,1,1,1,1,1,1,1,1,1,1,1,1,1,1,0.64686,1,1,1,1,1,0.68458,1,1,0.78566,0.70969,1,1,0.66351,0.77635,0.74495,0.73543,NaN,NaN,NaN,NaN,NaN,NaN,NaN,NaN,NaN,-0.35314,0,0,0,0,0,-0.31542,0,0,-0.21434,-0.29031,0,0,0,0,0,339706562226394,0,0,1250149865580937,565879452204766,0,0,-0.33649,-0.22365,-0.25505,0,0,-0.19416,0.28793,-0.12202,-0.26457,17.1134
FOX2CPR3ERY2DOX3TMP2,1,1,1,1,1,1,1,1,1,1,1,1,1,1,0.64296,1,1,1,1,1,0.74766,1,1,0.68995,0.72432,1,1,0.6408,0.69124,0.74879,0.78235,NaN,NaN,NaN,NaN,NaN,NaN,NaN,NaN,NaN,-0.35704,0,0,0,0,0,-0.25234,0,0,-0.31005,-0.27568,0,0,0,0,0,943135377104548,0,0,423283202182429,732882246136730,0,0,-0.3592,-0.30876,-0.25121,0,0,-0.19362,-0.1662,-0.029208,-0.21765,2.7929
FOX2CPR3ERY2DOX3TMP3,1,1,1,1,1,1,1,1,0.98154,1,1,0.87513,1,1,0.6976,1,1,1,1,1,0.69264,1,1,0.74761,0.76145,1,1,0.61314,0.67307,0.76541,0.67153,NaN,NaN,NaN,NaN,NaN,NaN,-0.12487,NaN,NaN,-0.3024,0,0,0,0,0,-0.30736,0,0,-0.25239,-0.23855,0,0,7.7632,0,166306559046852,0.73096,0,1124767211904664,1.4004,575041046564089,0,0,-0.38686,-0.32693,-0.23459,0,-0.12537,-0.30796,-0.13146,-0.18254,-0.32847,1.2794
FOX2CPR3ERY3DOX1TMP1,1,1,1,1,1,1,1,1,1,1,1,1,1,0.98849,1,1,1,1,1,1,1,1,1,1,0.95222,1,1,0.87141,1,1,0.99472,NaN,NaN,NaN,NaN,NaN,NaN,NaN,NaN,NaN,NaN,0,0,0,0,0,0,0,0,0,-0.047778,0,0,0,0,Inf,0,0,Inf,0,-0.03669,0,0,-0.12859,0,0,0,-0.011379,-0.12859,3.1508,3.1508,-0.0052817,2.3999
FOX2CPR3ERY3DOX1TMP2,1,1,1,1,1,1,1,1,1,1,1,1,1,0.96125,1,1,1,1,1,1,0.87134,1,1,0.79408,0.89403,1,1,0.86672,0.99832,1,0.85543,NaN,NaN,NaN,NaN,NaN,NaN,NaN,NaN,NaN,NaN,0,0,0,0,0,-0.12866,0,0,-0.20592,-0.10597,0,0,0,0,Inf,-0.12866,0,Inf,-0.20592,-0.069928,0,0,-0.13328,-0.0016797,0,0,-0.037302,1.5645,2.8891,4.0634,-0.14457,-0.32475
FOX2CPR3ERY3DOX1TMP3,1,1,1,1,1,1,1,1,0.98154,1,1,0.87513,1,0.91259,0.83827,1,1,1,1,1,0.80876,1,1,1,0.96938,1,1,0.72452,0.87432,0.86532,0.80378,NaN,NaN,NaN,NaN,NaN,NaN,-0.12487,NaN,NaN,-0.16173,0,0,0,0,0,-0.19124,0,0,0,-0.030623,0,0,7.7632,0,5.7341,-0.013472,0,2.4286,2.2951,2.4999,0,0,-0.27548,-0.12568,-0.13468,0,-0.18749,-0.34952,-0.16393,-0.35587,-0.19622,1.1839
FOX2CPR3ERY3DOX2TMP1,1,1,1,1,1,1,1,1,1,1,1,1,1,0.98849,0.82136,1,1,1,1,1,0.86086,1,1,0.98423,0.88707,1,1,0.83729,0.93692,1,0.82973,NaN,NaN,NaN,NaN,NaN,NaN,NaN,NaN,NaN,-0.17864,0,0,0,0,0,-0.13914,0,0,-0.015769,-0.11293,0,0,0,0,Inf,355784326426993,0,Inf,1467031571922143,6.7087,0,0,-0.16271,-0.063083,0,0,-0.011379,-0.18212,-0.001238,-0.057894,-0.17027,-0.026022
FOX2CPR3ERY3DOX2TMP2,1,1,1,1,1,1,1,1,1,1,1,1,1,0.96125,0.7841,1,1,1,1,1,0.76986,1,1,1,0.89008,1,1,0.71542,0.7671,1,0.73221,NaN,NaN,NaN,NaN,NaN,NaN,NaN,NaN,NaN,-0.2159,0,0,0,0,0,-0.23014,0,0,0,-0.10992,0,0,0,0,Inf,-0.018164,0,Inf,972327631976892,3.7352,0,0,-0.28458,-0.2329,0,0,-0.037302,-0.27424,-0.16126,-0.12643,-0.26779,1.1138
FOX2CPR3ERY3DOX2TMP3,1,1,1,1,1,1,1,1,0.98154,1,1,0.87513,1,0.91259,0.702,1,1,1,1,1,0.70359,1,1,0.83093,0.76062,1,1,0.7733,0.77803,0.95222,0.7407,NaN,NaN,NaN,NaN,NaN,NaN,-0.12487,NaN,NaN,-0.298,0,0,0,0,0,-0.29641,0,0,-0.16907,-0.23938,0,0,7.7632,0,5.7341,1.0864,0,2.4286,2.0325,1.6707,0,0,-0.2267,-0.22197,-0.047778,0,-0.18749,-0.20758,-0.10375,-0.13579,-0.2593,2.7322
FOX2CPR3ERY3DOX3TMP1,1,1,1,1,1,1,1,1,1,1,1,1,1,0.98849,0.64686,1,1,1,1,1,0.68458,1,1,0.78566,0.81838,1,1,0.66351,0.7311,0.78437,0.67111,NaN,NaN,NaN,NaN,NaN,NaN,NaN,NaN,NaN,-0.35314,0,0,0,0,0,-0.31542,0,0,-0.21434,-0.18162,0,0,0,0,Inf,339706562226394,0,Inf,1250149865580937,15.9014,0,0,-0.33649,-0.2689,-0.21563,0,-0.011379,-0.19416,-0.15734,-0.19028,-0.32889,1.2001
FOX2CPR3ERY3DOX3TMP2,1,1,1,1,1,1,1,1,1,1,1,1,1,0.96125,0.64296,1,1,1,1,1,0.74766,1,1,0.68995,0.66599,1,1,0.6408,0.69219,0.81131,0.62275,NaN,NaN,NaN,NaN,NaN,NaN,NaN,NaN,NaN,-0.35704,0,0,0,0,0,-0.25234,0,0,-0.31005,-0.33401,0,0,0,0,Inf,943135377104548,0,Inf,423283202182429,1.5944,0,0,-0.3592,-0.30781,-0.18869,0,-0.037302,-0.19362,-0.14486,0.54776,-0.37725,-0.034351
FOX2CPR3ERY3DOX3TMP3,1,1,1,1,1,1,1,1,0.98154,1,1,0.87513,1,0.91259,0.6976,1,1,1,1,1,0.69264,1,1,0.74761,0.72224,1,1,0.61314,0.6997,0.80085,0.64881,NaN,NaN,NaN,NaN,NaN,NaN,-0.12487,NaN,NaN,-0.3024,0,0,0,0,0,-0.30736,0,0,-0.25239,-0.27776,0,0,7.7632,0,5.7341,0.73096,0,2.4286,1.4004,1.2818,0,0,-0.38686,-0.3003,-0.19915,0,-0.18749,-0.30796,-0.14997,-0.18657,-0.35119,1.1829
FOX3CPR1ERY1DOX1TMP1,1,1,1,1,1,1,1,1,1,1,1,1,1,1,1,1,1,1,1,1,1,1,1,1,1,1,1,1,1,1,0.96143,NaN,NaN,NaN,NaN,NaN,NaN,NaN,NaN,NaN,NaN,0,0,0,0,0,0,0,0,0,0,0,0,0,0,0,0,0,0,0,0,0,0,0,0,0,0,0,0,0,0,-0.038575,-0.038575
FOX3CPR1ERY1DOX1TMP2,1,1,1,1,1,1,1,1,1,1,1,1,1,1,1,1,1,1,1,1,1,1,1,0.922,1,1,1,1,1,1,0.9243,NaN,NaN,NaN,NaN,NaN,NaN,NaN,NaN,NaN,NaN,0,0,0,0,0,0,0,0,-0.077998,0,0,0,0,0,0,0,0,0,-0.077998,0,0,0,0,0,0,0,0,175636112001764,0,175636112001764,-0.075698,-0.14258
FOX3CPR1ERY1DOX1TMP3,1,1,1,1,1,1,1,1,1,1,1,1,1,1,0.83827,1,1,1,1,1,0.94707,1,1,0.97495,0.90932,1,1,1,1,1,0.78657,NaN,NaN,NaN,NaN,NaN,NaN,NaN,NaN,NaN,-0.16173,0,0,0,0,0,-0.052934,0,0,-0.025053,-0.09068,0,0,0,0,0,489960704682428.5,0,0,615523909919562,319968800520901.5,0,0,0,0,0,0,0,-0.077269,-0.017791,-0.043972,-0.21343,-0.21885
FOX3CPR1ERY1DOX2TMP1,1,1,1,1,1,1,1,1,1,1,1,1,1,1,0.82136,1,1,1,1,1,1,1,1,0.80839,0.89174,1,1,1,1,1,0.73983,NaN,NaN,NaN,NaN,NaN,NaN,NaN,NaN,NaN,-0.17864,0,0,0,0,0,0,0,0,-0.19161,-0.10826,0,0,0,0,0,1609066415825008,0,0,-0.015784,633946432733757,0,0,0,0,0,0,0,0.07257,-0.065754,1.7224,-0.26017,-0.34015
FOX3CPR1ERY1DOX2TMP2,1,1,1,1,1,1,1,1,1,1,1,1,1,1,0.7841,1,1,1,1,1,0.95689,1,1,0.72056,0.88062,1,1,0.74898,0.99316,0.8026,0.65339,NaN,NaN,NaN,NaN,NaN,NaN,NaN,NaN,NaN,-0.2159,0,0,0,0,0,-0.043106,0,0,-0.27944,-0.11938,0,0,0,0,0,778195175957283.5,0,0,-0.08104,434666248849354,0,0,-0.25102,-0.0068423,-0.1974,0,0,-0.16161,-0.057197,-0.017717,-0.34661,-0.15229
FOX3CPR1ERY1DOX2TMP3,1,1,1,1,1,1,1,1,1,1,1,1,1,1,0.702,1,1,1,1,1,0.83644,1,1,0.72819,0.77317,1,1,0.68295,0.86256,0.74538,0.63411,NaN,NaN,NaN,NaN,NaN,NaN,NaN,NaN,NaN,-0.298,0,0,0,0,0,-0.16356,0,0,-0.27181,-0.22683,0,0,0,0,0,Inf,0,0,Inf,Inf,0,0,-0.31705,-0.13744,-0.25462,0,0,-0.2083,-0.049653,-0.067548,-0.36589,-0.031989
FOX3CPR1ERY1DOX3TMP1,1,1,1,1,1,1,1,1,1,1,1,1,1,1,0.64686,1,1,1,1,1,0.7591,1,1,0.73549,0.7493,1,1,0.59825,0.74173,0.73863,0.58372,NaN,NaN,NaN,NaN,NaN,NaN,NaN,NaN,NaN,-0.35314,0,0,0,0,0,-0.2409,0,0,-0.26451,-0.2507,0,0,0,0,0,1010944403156246,0,0,798312677130113,922637712675655,0,0,-0.40175,-0.25827,-0.26137,0,0,-0.29429,-0.13905,-0.11851,-0.41628,0.87547
FOX3CPR1ERY1DOX3TMP2,1,1,1,1,1,1,1,1,1,1,1,1,1,1,0.64296,1,1,1,1,1,0.7487,1,1,0.66153,0.68391,1,1,0.57831,0.68167,0.6492,0.58069,NaN,NaN,NaN,NaN,NaN,NaN,NaN,NaN,NaN,-0.35704,0,0,0,0,0,-0.2513,0,0,-0.33847,-0.31609,0,0,0,0,0,952484716624420,0,0,167322563016308,368873633419978,0,0,-0.42169,-0.31833,-0.3508,0,0,-0.24629,-0.13675,-0.075852,-0.41931,1.0198
FOX3CPR1ERY1DOX3TMP3,1,1,1,1,1,1,1,1,1,1,1,1,1,1,0.6976,1,1,1,1,1,0.72779,1,1,0.69449,0.68496,1,1,0.62576,0.76978,0.69289,0.70814,NaN,NaN,NaN,NaN,NaN,NaN,NaN,NaN,NaN,-0.3024,0,0,0,0,0,-0.27221,0,0,-0.30551,-0.31504,0,0,0,0,0,271909197795570,0,0,-0.0044722,-0.01812,0,0,-0.37424,-0.23022,-0.30711,0,0,-0.13649,1.8095,3.5407,-0.29186,0.55337
FOX3CPR1ERY2DOX1TMP1,1,1,1,1,1,1,1,1,1,1,1,1,1,1,1,1,1,1,1,1,1,1,1,1,1,1,1,1,1,1,1,NaN,NaN,NaN,NaN,NaN,NaN,NaN,NaN,NaN,NaN,0,0,0,0,0,0,0,0,0,0,0,0,0,0,0,0,0,0,0,0,0,0,0,0,0,0,0,0,0,0,0,0
FOX3CPR1ERY2DOX1TMP2,1,1,1,1,1,1,1,1,1,1,1,1,1,1,1,1,1,1,1,1,1,1,1,0.922,0.95495,1,1,1,1,1,0.87562,NaN,NaN,NaN,NaN,NaN,NaN,NaN,NaN,NaN,NaN,0,0,0,0,0,0,0,0,-0.077998,-0.045051,0,0,0,0,0,0,0,0,-0.077998,-0.045051,0,0,0,0,0,0,0,175636112001764,81156118006489.59,2.7313,-0.12438,-0.22032
FOX3CPR1ERY2DOX1TMP3,1,1,1,1,1,1,1,1,1,1,1,1,1,1,0.83827,1,1,1,1,1,0.94707,1,1,0.97495,0.89743,1,1,1,1,0.99736,1,NaN,NaN,NaN,NaN,NaN,NaN,NaN,NaN,NaN,-0.16173,0,0,0,0,0,-0.052934,0,0,-0.025053,-0.10257,0,0,0,0,0,489960704682428.5,0,0,615523909919562,266396524337851.5,0,0,0,0,-0.0026446,0,0,-0.077269,-0.0061797,-0.035532,0,-0.015932
FOX3CPR1ERY2DOX2TMP1,1,1,1,1,1,1,1,1,1,1,1,1,1,1,0.82136,1,1,1,1,1,1,1,1,0.80839,0.9722,1,1,1,1,1,0.80623,NaN,NaN,NaN,NaN,NaN,NaN,NaN,NaN,NaN,-0.17864,0,0,0,0,0,0,0,0,-0.19161,-0.027803,0,0,0,0,0,1609066415825008,0,0,-0.015784,1358635992537875,0,0,0,0,0,0,0,0.07257,-0.13107,0.27027,-0.19377,-0.22535
FOX3CPR1ERY2DOX2TMP2,1,1,1,1,1,1,1,1,1,1,1,1,1,1,0.7841,1,1,1,1,1,0.95689,1,1,0.72056,0.84165,1,1,0.74898,0.93906,0.81078,0.77092,NaN,NaN,NaN,NaN,NaN,NaN,NaN,NaN,NaN,-0.2159,0,0,0,0,0,-0.043106,0,0,-0.27944,-0.15835,0,0,0,0,0,778195175957283.5,0,0,-0.08104,259202717487472,0,0,-0.25102,-0.060944,-0.18922,0,0,-0.16161,-0.074319,0.56754,-0.22908,0.16448
FOX3CPR1ERY2DOX2TMP3,1,1,1,1,1,1,1,1,1,1,1,1,1,1,0.702,1,1,1,1,1,0.83644,1,1,0.72819,0.85023,1,1,0.68295,0.88083,0.84142,0.7269,NaN,NaN,NaN,NaN,NaN,NaN,NaN,NaN,NaN,-0.298,0,0,0,0,0,-0.16356,0,0,-0.27181,-0.14977,0,0,0,0,0,Inf,0,0,Inf,Inf,0,0,-0.31705,-0.11917,-0.15858,0,0,-0.2083,-0.10547,-0.039945,-0.2731,3.6871
FOX3CPR1ERY2DOX3TMP1,1,1,1,1,1,1,1,1,1,1,1,1,1,1,0.64686,1,1,1,1,1,0.7591,1,1,0.73549,0.70969,1,1,0.59825,0.73875,0.70629,0.64825,NaN,NaN,NaN,NaN,NaN,NaN,NaN,NaN,NaN,-0.35314,0,0,0,0,0,-0.2409,0,0,-0.26451,-0.29031,0,0,0,0,0,1010944403156246,0,0,798312677130113,565879452204766,0,0,-0.40175,-0.26125,-0.29371,0,0,-0.29429,-0.1012,-0.11528,-0.35175,1.4449
FOX3CPR1ERY2DOX3TMP2,1,1,1,1,1,1,1,1,1,1,1,1,1,1,0.64296,1,1,1,1,1,0.7487,1,1,0.66153,0.72432,1,1,0.57831,0.73579,0.64239,0.61637,NaN,NaN,NaN,NaN,NaN,NaN,NaN,NaN,NaN,-0.35704,0,0,0,0,0,-0.2513,0,0,-0.33847,-0.27568,0,0,0,0,0,952484716624420,0,0,167322563016308,732882246136730,0,0,-0.42169,-0.26421,-0.35761,0,0,-0.24629,-0.11357,-0.13529,-0.38363,1.3356
FOX3CPR1ERY2DOX3TMP3,1,1,1,1,1,1,1,1,1,1,1,1,1,1,0.6976,1,1,1,1,1,0.72779,1,1,0.69449,0.76145,1,1,0.62576,0.70237,0.83614,0.63843,NaN,NaN,NaN,NaN,NaN,NaN,NaN,NaN,NaN,-0.3024,0,0,0,0,0,-0.27221,0,0,-0.30551,-0.23855,0,0,0,0,0,271909197795570,0,0,-0.0044722,575041046564089,0,0,-0.37424,-0.29763,-0.16386,0,0,-0.13649,-0.11276,1.2188,-0.36157,-0.058562
FOX3CPR1ERY3DOX1TMP1,1,1,1,1,1,1,1,1,1,1,1,1,1,0.98849,1,1,1,1,1,1,1,1,1,1,0.95222,1,1,1,1,1,0.89046,NaN,NaN,NaN,NaN,NaN,NaN,NaN,NaN,NaN,NaN,0,0,0,0,0,0,0,0,0,-0.047778,0,0,0,0,Inf,0,0,Inf,0,-0.03669,0,0,0,0,0,0,-0.011379,0,3.1508,3.1508,-0.10954,-0.1407
FOX3CPR1ERY3DOX1TMP2,1,1,1,1,1,1,1,1,1,1,1,1,1,0.96125,1,1,1,1,1,1,1,1,1,0.922,0.89403,1,1,1,1,0.93587,0.84383,NaN,NaN,NaN,NaN,NaN,NaN,NaN,NaN,NaN,NaN,0,0,0,0,0,0,0,0,-0.077998,-0.10597,0,0,0,0,Inf,0,0,Inf,-0.077998,-0.069928,0,0,0,0,-0.064125,0,-0.037302,175636112001764,1.7348,2.066,-0.15617,-0.21947
FOX3CPR1ERY3DOX1TMP3,1,1,1,1,1,1,1,1,1,1,1,1,1,0.91259,0.83827,1,1,1,1,1,0.94707,1,1,0.97495,0.96938,1,0.85087,1,1,0.90234,0.9822,NaN,NaN,NaN,NaN,NaN,NaN,NaN,NaN,NaN,-0.16173,0,0,0,0,0,-0.052934,0,0,-0.025053,-0.030623,0,0,0,0,787315788460720,489960704682428.5,0,787315788460720,615523909919562,2.4999,0,-0.14913,0,0,-0.097659,0,-0.21752,-0.077269,-0.14206,-0.24393,-0.017797,1.638
FOX3CPR1ERY3DOX2TMP1,1,1,1,1,1,1,1,1,1,1,1,1,1,0.98849,0.82136,1,1,1,1,1,1,1,1,0.80839,0.88707,1,1,1,0.99264,0.87737,0.83987,NaN,NaN,NaN,NaN,NaN,NaN,NaN,NaN,NaN,-0.17864,0,0,0,0,0,0,0,0,-0.19161,-0.11293,0,0,0,0,Inf,1609066415825008,0,Inf,-0.015784,6.7087,0,0,0,-0.0073626,-0.12263,0,-0.011379,0.07257,-0.07852,-0.0093036,-0.16013,-0.14682
FOX3CPR1ERY3DOX2TMP2,1,1,1,1,1,1,1,1,1,1,1,1,1,0.96125,0.7841,1,1,1,1,1,0.95689,1,1,0.72056,0.89008,1,1,0.74898,0.8032,0.81768,0.84015,NaN,NaN,NaN,NaN,NaN,NaN,NaN,NaN,NaN,-0.2159,0,0,0,0,0,-0.043106,0,0,-0.27944,-0.10992,0,0,0,0,Inf,778195175957283.5,0,Inf,-0.08104,3.7352,0,0,-0.25102,-0.1968,-0.18232,0,-0.037302,-0.16161,-0.27089,-0.055016,-0.15985,1.6918
FOX3CPR1ERY3DOX2TMP3,1,1,1,1,1,1,1,1,1,1,1,1,1,0.91259,0.702,1,1,1,1,1,0.83644,1,1,0.72819,0.76062,1,0.85087,0.68295,0.8605,0.68219,0.67446,NaN,NaN,NaN,NaN,NaN,NaN,NaN,NaN,NaN,-0.298,0,0,0,0,0,-0.16356,0,0,-0.27181,-0.23938,0,0,0,0,787315788460720,Inf,0,787315788460720,Inf,1.6707,0,-0.14913,-0.31705,-0.1395,-0.31781,0,-0.21752,-0.2083,-0.12415,-0.21967,-0.32554,0.97557
FOX3CPR1ERY3DOX3TMP1,1,1,1,1,1,1,1,1,1,1,1,1,1,0.98849,0.64686,1,1,1,1,1,0.7591,1,1,0.73549,0.81838,1,1,0.59825,0.73396,0.66142,0.65022,NaN,NaN,NaN,NaN,NaN,NaN,NaN,NaN,NaN,-0.35314,0,0,0,0,0,-0.2409,0,0,-0.26451,-0.18162,0,0,0,0,Inf,1010944403156246,0,Inf,798312677130113,15.9014,0,0,-0.40175,-0.26604,-0.33858,0,-0.011379,-0.29429,-0.22096,-0.27992,-0.34978,1.1841
FOX3CPR1ERY3DOX3TMP2,1,1,1,1,1,1,1,1,1,1,1,1,1,0.96125,0.64296,1,1,1,1,1,0.7487,1,1,0.66153,0.66599,1,1,0.57831,0.74492,0.65152,0.56939,NaN,NaN,NaN,NaN,NaN,NaN,NaN,NaN,NaN,-0.35704,0,0,0,0,0,-0.2513,0,0,-0.33847,-0.33401,0,0,0,0,Inf,952484716624420,0,Inf,167322563016308,1.5944,0,0,-0.42169,-0.25508,-0.34848,0,-0.037302,-0.24629,-0.080889,-0.099257,-0.43061,0.88201
FOX3CPR1ERY3DOX3TMP3,1,1,1,1,1,1,1,1,1,1,1,1,1,0.91259,0.6976,1,1,1,1,1,0.72779,1,1,0.69449,0.72224,1,0.85087,0.62576,0.72463,0.70359,0.59389,NaN,NaN,NaN,NaN,NaN,NaN,NaN,NaN,NaN,-0.3024,0,0,0,0,0,-0.27221,0,0,-0.30551,-0.27776,0,0,0,0,787315788460720,271909197795570,0,787315788460720,-0.0044722,1.2818,0,-0.14913,-0.37424,-0.27537,-0.29641,0,-0.21752,-0.13649,-0.13718,-0.12763,-0.40611,0.87514
FOX3CPR2ERY1DOX1TMP1,1,1,1,1,1,1,1,1,1,1,1,1,1,1,1,1,1,1,1,1,1,1,1,0.93499,1,1,1,1,1,1,1,NaN,NaN,NaN,NaN,NaN,NaN,NaN,NaN,NaN,NaN,0,0,0,0,0,0,0,0,-0.065005,0,0,0,0,0,0,0,0,0,-0.065005,0,0,0,0,0,0,0,0,195171937103802.7,0,195171937103802.7,0,-0.061038
FOX3CPR2ERY1DOX1TMP2,1,1,1,1,1,1,1,1,1,1,1,1,1,1,1,1,1,1,1,1,1,1,1,0.87641,1,1,1,1,1,1,1,NaN,NaN,NaN,NaN,NaN,NaN,NaN,NaN,NaN,NaN,0,0,0,0,0,0,0,0,-0.12359,0,0,0,0,0,0,0,0,0,-0.12359,0,0,0,0,0,0,0,0,278304785972460,0,278304785972460,0,-0.11
FOX3CPR2ERY1DOX1TMP3,1,1,1,1,1,1,1,1,1,1,1,0.94242,1,1,0.83827,1,1,1,1,1,0.94707,1,1,1,0.90932,1,1,0.97721,1,0.98006,1,NaN,NaN,NaN,NaN,NaN,NaN,NaN,NaN,NaN,-0.16173,0,0,0,0,0,-0.052934,0,0,0,-0.09068,0,0,518620843946560,0,0,489960704682428.5,0,518620843946560,3.8088,319968800520901.5,0,0,-0.022785,0,-0.019939,0,-0.054444,-0.16218,-0.017791,-0.13163,0,2.7341
FOX3CPR2ERY1DOX2TMP1,1,1,1,1,1,1,1,1,1,1,1,1,1,1,0.82136,1,1,1,1,1,1,1,1,0.8048,0.89174,1,1,0.95339,1,1,1,NaN,NaN,NaN,NaN,NaN,NaN,NaN,NaN,NaN,-0.17864,0,0,0,0,0,0,0,0,-0.1952,-0.10826,0,0,0,0,0,1609066415825008,0,0,-0.020156,633946432733757,0,0,-0.046608,0,0,0,0,-0.030559,-0.065754,1.7734,0,-0.072534
FOX3CPR2ERY1DOX2TMP2,1,1,1,1,1,1,1,1,1,1,1,1,1,1,0.7841,1,1,1,1,1,0.95689,1,1,0.86829,0.88062,1,1,0.79339,0.99316,0.93633,0.98491,NaN,NaN,NaN,NaN,NaN,NaN,NaN,NaN,NaN,-0.2159,0,0,0,0,0,-0.043106,0,0,-0.13171,-0.11938,0,0,0,0,0,778195175957283.5,0,0,379160897552208,434666248849354,0,0,-0.20661,-0.0068423,-0.063669,0,0,-0.23792,-0.057197,-0.029513,-0.015087,10.7543
FOX3CPR2ERY1DOX2TMP3,1,1,1,1,1,1,1,1,1,1,1,0.94242,1,1,0.702,1,1,1,1,1,0.83644,1,1,0.76479,0.77317,1,1,0.71483,0.86256,0.96365,0.85363,NaN,NaN,NaN,NaN,NaN,NaN,NaN,NaN,NaN,-0.298,0,0,0,0,0,-0.16356,0,0,-0.23521,-0.22683,0,0,518620843946560,0,0,Inf,0,518620843946560,2.0906,Inf,0,0,-0.28517,-0.13744,-0.036355,0,-0.054444,-0.25291,-0.049653,0.36594,-0.14637,0.39057
FOX3CPR2ERY1DOX3TMP1,1,1,1,1,1,1,1,1,1,1,1,1,1,1,0.64686,1,1,1,1,1,0.7591,1,1,0.79404,0.7493,1,1,0.73568,0.74173,0.86509,0.66745,NaN,NaN,NaN,NaN,NaN,NaN,NaN,NaN,NaN,-0.35314,0,0,0,0,0,-0.2409,0,0,-0.20596,-0.2507,0,0,0,0,0,1010944403156246,0,0,1325671294285146,922637712675655,0,0,-0.26432,-0.25827,-0.13491,0,0,-0.18824,-0.13905,-0.035007,-0.33255,-0.028357
FOX3CPR2ERY1DOX3TMP2,1,1,1,1,1,1,1,1,1,1,1,1,1,1,0.64296,1,1,1,1,1,0.7487,1,1,0.7395,0.68391,1,1,0.67132,0.68167,0.83414,0.61349,NaN,NaN,NaN,NaN,NaN,NaN,NaN,NaN,NaN,-0.35704,0,0,0,0,0,-0.2513,0,0,-0.2605,-0.31609,0,0,0,0,0,952484716624420,0,0,869604361993811,368873633419978,0,0,-0.32868,-0.31833,-0.16586,0,0,-0.20577,-0.13675,0.39047,-0.38651,-0.06762
FOX3CPR2ERY1DOX3TMP3,1,1,1,1,1,1,1,1,1,1,1,0.94242,1,1,0.6976,1,1,1,1,1,0.72779,1,1,0.77927,0.68496,1,1,0.62544,0.76978,0.79903,0.65162,NaN,NaN,NaN,NaN,NaN,NaN,NaN,NaN,NaN,-0.3024,0,0,0,0,0,-0.27221,0,0,-0.22073,-0.31504,0,0,518620843946560,0,0,271909197795570,0,518620843946560,2.4184,-0.01812,0,0,-0.37456,-0.23022,-0.20097,0,-0.054444,-0.27865,1.8095,-0.030548,-0.34838,0.55769
FOX3CPR2ERY2DOX1TMP1,1,1,1,1,1,1,1,1,1,1,1,1,1,1,1,1,1,1,1,1,1,1,1,0.93499,1,1,1,1,1,0.75472,1,NaN,NaN,NaN,NaN,NaN,NaN,NaN,NaN,NaN,NaN,0,0,0,0,0,0,0,0,-0.065005,0,0,0,0,0,0,0,0,0,-0.065005,0,0,0,0,0,-0.24528,0,0,195171937103802.7,0,-0.19281,0,2.7733
FOX3CPR2ERY2DOX1TMP2,1,1,1,1,1,1,1,1,1,1,1,1,1,1,1,1,1,1,1,1,1,1,1,0.87641,0.95495,1,1,1,1,1,1,NaN,NaN,NaN,NaN,NaN,NaN,NaN,NaN,NaN,NaN,0,0,0,0,0,0,0,0,-0.12359,-0.045051,0,0,0,0,0,0,0,0,-0.12359,-0.045051,0,0,0,0,0,0,0,278304785972460,81156118006489.59,3.7434,0,-0.14431
FOX3CPR2ERY2DOX1TMP3,1,1,1,1,1,1,1,1,1,1,1,0.94242,1,1,0.83827,1,1,1,1,1,0.94707,1,1,1,0.89743,1,1,0.97721,1,0.86623,1,NaN,NaN,NaN,NaN,NaN,NaN,NaN,NaN,NaN,-0.16173,0,0,0,0,0,-0.052934,0,0,0,-0.10257,0,0,518620843946560,0,0,489960704682428.5,0,518620843946560,3.8088,266396524337851.5,0,0,-0.022785,0,-0.13377,0,-0.054444,-0.16218,-0.0061797,-0.22432,0,3.7586
FOX3CPR2ERY2DOX2TMP1,1,1,1,1,1,1,1,1,1,1,1,1,1,1,0.82136,1,1,1,1,1,1,1,1,0.8048,0.9722,1,1,0.95339,1,1,0.69717,NaN,NaN,NaN,NaN,NaN,NaN,NaN,NaN,NaN,-0.17864,0,0,0,0,0,0,0,0,-0.1952,-0.027803,0,0,0,0,0,1609066415825008,0,0,-0.020156,1358635992537875,0,0,-0.046608,0,0,0,0,-0.030559,-0.13107,0.29408,-0.30283,-0.30126
FOX3CPR2ERY2DOX2TMP2,1,1,1,1,1,1,1,1,1,1,1,1,1,1,0.7841,1,1,1,1,1,0.95689,1,1,0.86829,0.84165,1,1,0.79339,0.93906,0.82473,1,NaN,NaN,NaN,NaN,NaN,NaN,NaN,NaN,NaN,-0.2159,0,0,0,0,0,-0.043106,0,0,-0.13171,-0.15835,0,0,0,0,0,778195175957283.5,0,0,379160897552208,259202717487472,0,0,-0.20661,-0.060944,-0.17527,0,0,-0.23792,-0.074319,-0.10921,0,2.9688
FOX3CPR2ERY2DOX2TMP3,1,1,1,1,1,1,1,1,1,1,1,0.94242,1,1,0.702,1,1,1,1,1,0.83644,1,1,0.76479,0.85023,1,1,0.71483,0.88083,1,0.8121,NaN,NaN,NaN,NaN,NaN,NaN,NaN,NaN,NaN,-0.298,0,0,0,0,0,-0.16356,0,0,-0.23521,-0.14977,0,0,518620843946560,0,0,Inf,0,518620843946560,2.0906,Inf,0,0,-0.28517,-0.11917,0,0,-0.054444,-0.25291,-0.10547,0.10943,-0.1879,0.27119
FOX3CPR2ERY2DOX3TMP1,1,1,1,1,1,1,1,1,1,1,1,1,1,1,0.64686,1,1,1,1,1,0.7591,1,1,0.79404,0.70969,1,1,0.73568,0.73875,0.77566,0.6533,NaN,NaN,NaN,NaN,NaN,NaN,NaN,NaN,NaN,-0.35314,0,0,0,0,0,-0.2409,0,0,-0.20596,-0.29031,0,0,0,0,0,1010944403156246,0,0,1325671294285146,565879452204766,0,0,-0.26432,-0.26125,-0.22434,0,0,-0.18824,-0.1012,-0.094774,-0.3467,1.5053
FOX3CPR2ERY2DOX3TMP2,1,1,1,1,1,1,1,1,1,1,1,1,1,1,0.64296,1,1,1,1,1,0.7487,1,1,0.7395,0.72432,1,1,0.67132,0.73579,0.7565,0.59728,NaN,NaN,NaN,NaN,NaN,NaN,NaN,NaN,NaN,-0.35704,0,0,0,0,0,-0.2513,0,0,-0.2605,-0.27568,0,0,0,0,0,952484716624420,0,0,869604361993811,732882246136730,0,0,-0.32868,-0.26421,-0.2435,0,0,-0.20577,-0.11357,-0.078419,-0.40272,0.066233
FOX3CPR2ERY2DOX3TMP3,1,1,1,1,1,1,1,1,1,1,1,0.94242,1,1,0.6976,1,1,1,1,1,0.72779,1,1,0.77927,0.76145,1,1,0.62544,0.70237,0.74841,0.59622,NaN,NaN,NaN,NaN,NaN,NaN,NaN,NaN,NaN,-0.3024,0,0,0,0,0,-0.27221,0,0,-0.22073,-0.23855,0,0,518620843946560,0,0,271909197795570,0,518620843946560,2.4184,575041046564089,0,0,-0.37456,-0.29763,-0.25159,0,-0.054444,-0.27865,-0.11276,-0.16907,-0.40378,0.83558
FOX3CPR2ERY3DOX1TMP1,1,1,1,1,1,1,1,1,1,1,1,1,1,0.98849,1,1,1,1,1,1,1,1,1,0.93499,0.95222,1,1,1,1,0.81885,1,NaN,NaN,NaN,NaN,NaN,NaN,NaN,NaN,NaN,NaN,0,0,0,0,0,0,0,0,-0.065005,-0.047778,0,0,0,0,Inf,0,0,Inf,-0.065005,-0.03669,0,0,0,0,-0.18115,0,-0.011379,195171937103802.7,3.1508,-0.088879,0,0.78874
FOX3CPR2ERY3DOX1TMP2,1,1,1,1,1,1,1,1,1,1,1,1,1,0.96125,1,1,1,1,1,1,1,1,1,0.87641,0.89403,1,1,1,1,1,1,NaN,NaN,NaN,NaN,NaN,NaN,NaN,NaN,NaN,NaN,0,0,0,0,0,0,0,0,-0.12359,-0.10597,0,0,0,0,Inf,0,0,Inf,-0.12359,-0.069928,0,0,0,0,0,0,-0.037302,278304785972460,1.7348,2.8387,0,-0.16024
FOX3CPR2ERY3DOX1TMP3,1,1,1,1,1,1,1,1,1,1,1,0.94242,1,0.91259,0.83827,1,1,1,1,1,0.94707,1,1,1,0.96938,1,1,0.97721,1,0.85742,1,NaN,NaN,NaN,NaN,NaN,NaN,NaN,NaN,NaN,-0.16173,0,0,0,0,0,-0.052934,0,0,0,-0.030623,0,0,518620843946560,0,787315788460720,489960704682428.5,0,2.5181,3.8088,2.4999,0,0,-0.022785,0,-0.14258,0,-0.12663,-0.16218,-0.14206,-0.32809,0,1.7131
FOX3CPR2ERY3DOX2TMP1,1,1,1,1,1,1,1,1,1,1,1,1,1,0.98849,0.82136,1,1,1,1,1,1,1,1,0.8048,0.88707,1,1,0.95339,0.99264,1,1,NaN,NaN,NaN,NaN,NaN,NaN,NaN,NaN,NaN,-0.17864,0,0,0,0,0,0,0,0,-0.1952,-0.11293,0,0,0,0,Inf,1609066415825008,0,Inf,-0.020156,6.7087,0,0,-0.046608,-0.0073626,0,0,-0.011379,-0.030559,-0.07852,1.5278,0,-0.060155
FOX3CPR2ERY3DOX2TMP2,1,1,1,1,1,1,1,1,1,1,1,1,1,0.96125,0.7841,1,1,1,1,1,0.95689,1,1,0.86829,0.89008,1,1,0.79339,0.8032,0.82535,0.81638,NaN,NaN,NaN,NaN,NaN,NaN,NaN,NaN,NaN,-0.2159,0,0,0,0,0,-0.043106,0,0,-0.13171,-0.10992,0,0,0,0,Inf,778195175957283.5,0,Inf,379160897552208,3.7352,0,0,-0.20661,-0.1968,-0.17465,0,-0.037302,-0.23792,-0.27089,-0.18525,-0.18362,1.0972
FOX3CPR2ERY3DOX2TMP3,1,1,1,1,1,1,1,1,1,1,1,0.94242,1,0.91259,0.702,1,1,1,1,1,0.83644,1,1,0.76479,0.76062,1,1,0.71483,0.8605,0.80852,0.68352,NaN,NaN,NaN,NaN,NaN,NaN,NaN,NaN,NaN,-0.298,0,0,0,0,0,-0.16356,0,0,-0.23521,-0.23938,0,0,518620843946560,0,787315788460720,Inf,0,2.5181,2.0906,1.6707,0,0,-0.28517,-0.1395,-0.19148,0,-0.12663,-0.25291,-0.12415,-0.1651,-0.31648,0.84982
FOX3CPR2ERY3DOX3TMP1,1,1,1,1,1,1,1,1,1,1,1,1,1,0.98849,0.64686,1,1,1,1,1,0.7591,1,1,0.79404,0.81838,1,1,0.73568,0.73396,0.7868,0.65556,NaN,NaN,NaN,NaN,NaN,NaN,NaN,NaN,NaN,-0.35314,0,0,0,0,0,-0.2409,0,0,-0.20596,-0.18162,0,0,0,0,Inf,1010944403156246,0,Inf,1325671294285146,15.9014,0,0,-0.26432,-0.26604,-0.2132,0,-0.011379,-0.18824,-0.22096,-0.19473,-0.34444,1.0687
FOX3CPR2ERY3DOX3TMP2,1,1,1,1,1,1,1,1,1,1,1,1,1,0.96125,0.64296,1,1,1,1,1,0.7487,1,1,0.7395,0.66599,1,1,0.67132,0.74492,0.75062,0.63953,NaN,NaN,NaN,NaN,NaN,NaN,NaN,NaN,NaN,-0.35704,0,0,0,0,0,-0.2513,0,0,-0.2605,-0.33401,0,0,0,0,Inf,952484716624420,0,Inf,869604361993811,1.5944,0,0,-0.32868,-0.25508,-0.24938,0,-0.037302,-0.20577,-0.080889,-0.063224,-0.36047,0.86844
FOX3CPR2ERY3DOX3TMP3,1,1,1,1,1,1,1,1,1,1,1,0.94242,1,0.91259,0.6976,1,1,1,1,1,0.72779,1,1,0.77927,0.72224,1,1,0.62544,0.72463,0.79749,0.6616,NaN,NaN,NaN,NaN,NaN,NaN,NaN,NaN,NaN,-0.3024,0,0,0,0,0,-0.27221,0,0,-0.22073,-0.27776,0,0,518620843946560,0,787315788460720,271909197795570,0,2.5181,2.4184,1.2818,0,0,-0.37456,-0.27537,-0.20251,0,-0.12663,-0.27865,-0.13718,-0.15956,-0.3384,1.2339
FOX3CPR3ERY1DOX1TMP1,1,1,1,1,1,1,1,1,1,1,1,1,1,1,1,1,1,1,1,1,1,1,1,1,1,1,1,1,1,1,1,NaN,NaN,NaN,NaN,NaN,NaN,NaN,NaN,NaN,NaN,0,0,0,0,0,0,0,0,0,0,0,0,0,0,0,0,0,0,0,0,0,0,0,0,0,0,0,0,0,0,0,0
FOX3CPR3ERY1DOX1TMP2,1,1,1,1,1,1,1,1,1,1,1,1,1,1,1,1,1,1,1,1,1,1,1,0.79408,1,1,1,1,1,1,1,NaN,NaN,NaN,NaN,NaN,NaN,NaN,NaN,NaN,NaN,0,0,0,0,0,0,0,0,-0.20592,0,0,0,0,0,0,0,0,0,-0.20592,0,0,0,0,0,0,0,0,463683890832484,0,463683890832484,0,-0.17076
FOX3CPR3ERY1DOX1TMP3,1,1,1,1,1,1,1,1,1,1,1,0.87513,1,1,0.83827,1,1,1,1,1,0.94707,1,1,1,0.90932,1,1,0.9372,1,1,1,NaN,NaN,NaN,NaN,NaN,NaN,-0.12487,NaN,NaN,-0.16173,0,0,0,0,0,-0.052934,0,0,0,-0.09068,0,0,1124767211904664,0,0,489960704682428.5,0,1124767211904664,2.2951,319968800520901.5,0,0,-0.062801,0,0,0,-0.11101,-0.24031,-0.017791,-0.16382,0,4.6705
FOX3CPR3ERY1DOX2TMP1,1,1,1,1,1,1,1,1,1,1,1,1,1,1,0.82136,1,1,1,1,1,1,1,1,0.98423,0.89174,1,1,0.85415,1,1,1,NaN,NaN,NaN,NaN,NaN,NaN,NaN,NaN,NaN,-0.17864,0,0,0,0,0,0,0,0,-0.015769,-0.10826,0,0,0,0,0,1609066415825008,0,0,1467031571922143,633946432733757,0,0,-0.14585,0,0,0,0,-0.26549,-0.065754,-0.051785,0,9.185
FOX3CPR3ERY1DOX2TMP2,1,1,1,1,1,1,1,1,1,1,1,1,1,1,0.7841,1,1,1,1,1,0.95689,1,1,1,0.88062,1,1,0.79681,0.99316,1,0.94449,NaN,NaN,NaN,NaN,NaN,NaN,NaN,NaN,NaN,-0.2159,0,0,0,0,0,-0.043106,0,0,0,-0.11938,0,0,0,0,0,778195175957283.5,0,0,972327631976892,434666248849354,0,0,-0.20319,-0.0068423,0,0,0,-0.32059,-0.057197,-0.08802,-0.055513,4.3734
FOX3CPR3ERY1DOX2TMP3,1,1,1,1,1,1,1,1,1,1,1,0.87513,1,1,0.702,1,1,1,1,1,0.83644,1,1,0.83093,0.77317,1,1,0.68025,0.86256,1,0.85923,NaN,NaN,NaN,NaN,NaN,NaN,-0.12487,NaN,NaN,-0.298,0,0,0,0,0,-0.16356,0,0,-0.16907,-0.22683,0,0,1124767211904664,0,0,Inf,0,1124767211904664,2.0325,Inf,0,0,-0.31975,-0.13744,0,0,-0.11101,-0.37607,-0.049653,-0.026277,-0.14077,205.6995
FOX3CPR3ERY1DOX3TMP1,1,1,1,1,1,1,1,1,1,1,1,1,1,1,0.64686,1,1,1,1,1,0.7591,1,1,0.78566,0.7493,1,1,0.68598,0.74173,0.8152,0.88888,NaN,NaN,NaN,NaN,NaN,NaN,NaN,NaN,NaN,-0.35314,0,0,0,0,0,-0.2409,0,0,-0.21434,-0.2507,0,0,0,0,0,1010944403156246,0,0,1250149865580937,922637712675655,0,0,-0.31402,-0.25827,-0.1848,0,0,-0.23601,-0.13905,-0.082076,-0.11112,5.7326
FOX3CPR3ERY1DOX3TMP2,1,1,1,1,1,1,1,1,1,1,1,1,1,1,0.64296,1,1,1,1,1,0.7487,1,1,0.68995,0.68391,1,1,0.65898,0.68167,0.80972,0.81632,NaN,NaN,NaN,NaN,NaN,NaN,NaN,NaN,NaN,-0.35704,0,0,0,0,0,-0.2513,0,0,-0.31005,-0.31609,0,0,0,0,0,952484716624420,0,0,423283202182429,368873633419978,0,0,-0.34102,-0.31833,-0.19028,0,0,-0.17182,-0.13675,0.89623,-0.18368,5.2331
FOX3CPR3ERY1DOX3TMP3,1,1,1,1,1,1,1,1,1,1,1,0.87513,1,1,0.6976,1,1,1,1,1,0.72779,1,1,0.74761,0.68496,1,1,0.70221,0.76978,0.73075,0.74501,NaN,NaN,NaN,NaN,NaN,NaN,-0.12487,NaN,NaN,-0.3024,0,0,0,0,0,-0.27221,0,0,-0.25239,-0.31504,0,0,1124767211904664,0,0,271909197795570,0,1124767211904664,1.4004,-0.01812,0,0,-0.29779,-0.23022,-0.26925,0,-0.11101,-0.22208,1.8095,-0.15013,-0.25499,1.8595
FOX3CPR3ERY2DOX1TMP1,1,1,1,1,1,1,1,1,1,1,1,1,1,1,1,1,1,1,1,1,1,1,1,1,1,1,1,1,1,1,1,NaN,NaN,NaN,NaN,NaN,NaN,NaN,NaN,NaN,NaN,0,0,0,0,0,0,0,0,0,0,0,0,0,0,0,0,0,0,0,0,0,0,0,0,0,0,0,0,0,0,0,0
FOX3CPR3ERY2DOX1TMP2,1,1,1,1,1,1,1,1,1,1,1,1,1,1,1,1,1,1,1,1,1,1,1,0.79408,0.95495,1,1,1,1,1,1,NaN,NaN,NaN,NaN,NaN,NaN,NaN,NaN,NaN,NaN,0,0,0,0,0,0,0,0,-0.20592,-0.045051,0,0,0,0,0,0,0,0,-0.20592,-0.045051,0,0,0,0,0,0,0,463683890832484,81156118006489.59,5.5708,0,-0.20062
FOX3CPR3ERY2DOX1TMP3,1,1,1,1,1,1,1,1,1,1,1,0.87513,1,1,0.83827,1,1,1,1,1,0.94707,1,1,1,0.89743,1,1,0.9372,1,0.9646,1,NaN,NaN,NaN,NaN,NaN,NaN,-0.12487,NaN,NaN,-0.16173,0,0,0,0,0,-0.052934,0,0,0,-0.10257,0,0,1124767211904664,0,0,489960704682428.5,0,1124767211904664,2.2951,266396524337851.5,0,0,-0.062801,0,-0.035396,0,-0.11101,-0.24031,-0.0061797,-0.18532,0,3.3937
FOX3CPR3ERY2DOX2TMP1,1,1,1,1,1,1,1,1,1,1,1,1,1,1,0.82136,1,1,1,1,1,1,1,1,0.98423,0.9722,1,1,0.85415,1,1,1,NaN,NaN,NaN,NaN,NaN,NaN,NaN,NaN,NaN,-0.17864,0,0,0,0,0,0,0,0,-0.015769,-0.027803,0,0,0,0,0,1609066415825008,0,0,1467031571922143,1358635992537875,0,0,-0.14585,0,0,0,0,-0.26549,-0.13107,-0.119,0,2.7466
FOX3CPR3ERY2DOX2TMP2,1,1,1,1,1,1,1,1,1,1,1,1,1,1,0.7841,1,1,1,1,1,0.95689,1,1,1,0.84165,1,1,0.79681,0.93906,1,0.82869,NaN,NaN,NaN,NaN,NaN,NaN,NaN,NaN,NaN,-0.2159,0,0,0,0,0,-0.043106,0,0,0,-0.15835,0,0,0,0,0,778195175957283.5,0,0,972327631976892,259202717487472,0,0,-0.20319,-0.060944,0,0,0,-0.32059,-0.074319,-0.054422,-0.17131,1.7114
FOX3CPR3ERY2DOX2TMP3,1,1,1,1,1,1,1,1,1,1,1,0.87513,1,1,0.702,1,1,1,1,1,0.83644,1,1,0.83093,0.85023,1,1,0.68025,0.88083,1,0.73483,NaN,NaN,NaN,NaN,NaN,NaN,-0.12487,NaN,NaN,-0.298,0,0,0,0,0,-0.16356,0,0,-0.16907,-0.14977,0,0,1124767211904664,0,0,Inf,0,1124767211904664,2.0325,Inf,0,0,-0.31975,-0.11917,0,0,-0.11101,-0.37607,-0.10547,-0.094239,-0.26517,1.9149
FOX3CPR3ERY2DOX3TMP1,1,1,1,1,1,1,1,1,1,1,1,1,1,1,0.64686,1,1,1,1,1,0.7591,1,1,0.78566,0.70969,1,1,0.68598,0.73875,0.74495,0.73155,NaN,NaN,NaN,NaN,NaN,NaN,NaN,NaN,NaN,-0.35314,0,0,0,0,0,-0.2409,0,0,-0.21434,-0.29031,0,0,0,0,0,1010944403156246,0,0,1250149865580937,565879452204766,0,0,-0.31402,-0.26125,-0.25505,0,0,-0.23601,-0.1012,-0.12202,-0.26845,1.9991
FOX3CPR3ERY2DOX3TMP2,1,1,1,1,1,1,1,1,1,1,1,1,1,1,0.64296,1,1,1,1,1,0.7487,1,1,0.68995,0.72432,1,1,0.65898,0.73579,0.74879,0.73163,NaN,NaN,NaN,NaN,NaN,NaN,NaN,NaN,NaN,-0.35704,0,0,0,0,0,-0.2513,0,0,-0.31005,-0.27568,0,0,0,0,0,952484716624420,0,0,423283202182429,732882246136730,0,0,-0.34102,-0.26421,-0.25121,0,0,-0.17182,-0.11357,-0.029208,-0.26837,5.5673
FOX3CPR3ERY2DOX3TMP3,1,1,1,1,1,1,1,1,1,1,1,0.87513,1,1,0.6976,1,1,1,1,1,0.72779,1,1,0.74761,0.76145,1,1,0.70221,0.70237,0.76541,0.70787,NaN,NaN,NaN,NaN,NaN,NaN,-0.12487,NaN,NaN,-0.3024,0,0,0,0,0,-0.27221,0,0,-0.25239,-0.23855,0,0,1124767211904664,0,0,271909197795570,0,1124767211904664,1.4004,575041046564089,0,0,-0.29779,-0.29763,-0.23459,0,-0.11101,-0.22208,-0.11276,-0.18254,-0.29213,1.0535
FOX3CPR3ERY3DOX1TMP1,1,1,1,1,1,1,1,1,1,1,1,1,1,0.98849,1,1,1,1,1,1,1,1,1,1,0.95222,1,1,1,1,1,1,NaN,NaN,NaN,NaN,NaN,NaN,NaN,NaN,NaN,NaN,0,0,0,0,0,0,0,0,0,-0.047778,0,0,0,0,Inf,0,0,Inf,0,-0.03669,0,0,0,0,0,0,-0.011379,0,3.1508,3.1508,0,-0.034998
FOX3CPR3ERY3DOX1TMP2,1,1,1,1,1,1,1,1,1,1,1,1,1,0.96125,1,1,1,1,1,1,1,1,1,0.79408,0.89403,1,1,1,1,1,1,NaN,NaN,NaN,NaN,NaN,NaN,NaN,NaN,NaN,NaN,0,0,0,0,0,0,0,0,-0.20592,-0.10597,0,0,0,0,Inf,0,0,Inf,-0.20592,-0.069928,0,0,0,0,0,0,-0.037302,463683890832484,1.7348,4.0634,0,-0.21454
FOX3CPR3ERY3DOX1TMP3,1,1,1,1,1,1,1,1,1,1,1,0.87513,1,0.91259,0.83827,1,1,1,1,1,0.94707,1,1,1,0.96938,1,1,0.9372,1,0.86532,0.99259,NaN,NaN,NaN,NaN,NaN,NaN,-0.12487,NaN,NaN,-0.16173,0,0,0,0,0,-0.052934,0,0,0,-0.030623,0,0,1124767211904664,0,787315788460720,489960704682428.5,0,2.4286,2.2951,2.4999,0,0,-0.062801,0,-0.13468,0,-0.17511,-0.24031,-0.14206,-0.35587,-0.0074114,1.4731
FOX3CPR3ERY3DOX2TMP1,1,1,1,1,1,1,1,1,1,1,1,1,1,0.98849,0.82136,1,1,1,1,1,1,1,1,0.98423,0.88707,1,1,0.85415,0.99264,1,0.865,NaN,NaN,NaN,NaN,NaN,NaN,NaN,NaN,NaN,-0.17864,0,0,0,0,0,0,0,0,-0.015769,-0.11293,0,0,0,0,Inf,1609066415825008,0,Inf,1467031571922143,6.7087,0,0,-0.14585,-0.0073626,0,0,-0.011379,-0.26549,-0.07852,-0.057894,-0.135,2.2114
FOX3CPR3ERY3DOX2TMP2,1,1,1,1,1,1,1,1,1,1,1,1,1,0.96125,0.7841,1,1,1,1,1,0.95689,1,1,1,0.89008,1,1,0.79681,0.8032,1,0.76909,NaN,NaN,NaN,NaN,NaN,NaN,NaN,NaN,NaN,-0.2159,0,0,0,0,0,-0.043106,0,0,0,-0.10992,0,0,0,0,Inf,778195175957283.5,0,Inf,972327631976892,3.7352,0,0,-0.20319,-0.1968,0,0,-0.037302,-0.32059,-0.27089,-0.12643,-0.23091,0.94747
FOX3CPR3ERY3DOX2TMP3,1,1,1,1,1,1,1,1,1,1,1,0.87513,1,0.91259,0.702,1,1,1,1,1,0.83644,1,1,0.83093,0.76062,1,1,0.68025,0.8605,0.95222,0.7514,NaN,NaN,NaN,NaN,NaN,NaN,-0.12487,NaN,NaN,-0.298,0,0,0,0,0,-0.16356,0,0,-0.16907,-0.23938,0,0,1124767211904664,0,787315788460720,Inf,0,2.4286,2.0325,1.6707,0,0,-0.31975,-0.1395,-0.047778,0,-0.17511,-0.37607,-0.12415,-0.13579,-0.2486,1.5667
FOX3CPR3ERY3DOX3TMP1,1,1,1,1,1,1,1,1,1,1,1,1,1,0.98849,0.64686,1,1,1,1,1,0.7591,1,1,0.78566,0.81838,1,1,0.68598,0.73396,0.78437,0.67041,NaN,NaN,NaN,NaN,NaN,NaN,NaN,NaN,NaN,-0.35314,0,0,0,0,0,-0.2409,0,0,-0.21434,-0.18162,0,0,0,0,Inf,1010944403156246,0,Inf,1250149865580937,15.9014,0,0,-0.31402,-0.26604,-0.21563,0,-0.011379,-0.23601,-0.22096,-0.19028,-0.32959,1.1382
FOX3CPR3ERY3DOX3TMP2,1,1,1,1,1,1,1,1,1,1,1,1,1,0.96125,0.64296,1,1,1,1,1,0.7487,1,1,0.68995,0.66599,1,1,0.65898,0.74492,0.81131,0.6436,NaN,NaN,NaN,NaN,NaN,NaN,NaN,NaN,NaN,-0.35704,0,0,0,0,0,-0.2513,0,0,-0.31005,-0.33401,0,0,0,0,Inf,952484716624420,0,Inf,423283202182429,1.5944,0,0,-0.34102,-0.25508,-0.18869,0,-0.037302,-0.17182,-0.080889,0.54776,-0.3564,-0.099575
FOX3CPR3ERY3DOX3TMP3,1,1,1,1,1,1,1,1,1,1,1,0.87513,1,0.91259,0.6976,1,1,1,1,1,0.72779,1,1,0.74761,0.72224,1,1,0.70221,0.72463,0.80085,0.69646,NaN,NaN,NaN,NaN,NaN,NaN,-0.12487,NaN,NaN,-0.3024,0,0,0,0,0,-0.27221,0,0,-0.25239,-0.27776,0,0,1124767211904664,0,787315788460720,271909197795570,0,2.4286,1.4004,1.2818,0,0,-0.29779,-0.27537,-0.19915,0,-0.17511,-0.22208,-0.13718,-0.18657,-0.30354,0.9937